host	virus	no.multipart	vir.abbr	habitat	collection	site	taxon
31	151	CMV	CMV3	Crop	M5V	M1	Cucumis_melo
40	209	PZSV	PZSV3	Edge	L3F	L3	Diplotaxis_erucoides
25	217	RuCMV	RuCMV	Edge	L1F	L1	Chenopodium_album
31	151	CMV	CMV2	Crop	M5V	M1	Cucumis_melo
31	151	CMV	CMV1	Crop	M5V	M1	Cucumis_melo
27	151	CMV	CMV3	Edge	L2P	L2	Convolvulus_arvensis
2	217	RuCMV	RuCMV	Edge	L2F	L2	Amaranthus_sp
46	209	PZSV	PZSV3	Edge	L3F	L3	Eruca_vesicaria
31	258	WMV	WMV	Crop	M2V	M2	Cucumis_melo
40	209	PZSV	PZSV2	Edge	L3F	L3	Diplotaxis_erucoides
31	258	WMV	WMV	Crop	M1V	M1	Cucumis_melo
40	209	PZSV	PZSV3	Crop	M3V	M3	Diplotaxis_erucoides
27	151	CMV	CMV3	Crop	M1V	M1	Convolvulus_arvensis
31	258	WMV	WMV	Crop	M1V	M1	Cucumis_melo
40	209	PZSV	PZSV3	Edge	L3P	L3	Diplotaxis_erucoides
77	151	CMV	CMV3	Crop	M1V	M1	Portulaca_oleraceae
46	209	PZSV	PZSV2	Edge	L3F	L3	Eruca_vesicaria
55	139	BYDV_PAV	BYDV_PAV	Crop	H3P	H3	Hordeum_vulgare
27	151	CMV	CMV1	Edge	L2P	L2	Convolvulus_arvensis
40	209	PZSV	PZSV1	Edge	L3F	L3	Diplotaxis_erucoides
27	151	CMV	CMV2	Edge	L2P	L2	Convolvulus_arvensis
31	151	CMV	CMV3	Crop	M1V	M1	Cucumis_melo
27	151	CMV	CMV1	Crop	M1V	M1	Convolvulus_arvensis
25	217	RuCMV	RuCMV	Edge	L1V	L1	Chenopodium_album
27	151	CMV	CMV2	Crop	M1V	M1	Convolvulus_arvensis
55	139	BYDV_PAV	BYDV_PAV	Crop	H2P	H2	Hordeum_vulgare
40	209	PZSV	PZSV2	Crop	M3V	M3	Diplotaxis_erucoides
77	151	CMV	CMV1	Crop	M1V	M1	Portulaca_oleraceae
2	133	BWYV	BWYV	Edge	L3F	L3	Amaranthus_sp
40	209	PZSV	PZSV2	Edge	L3P	L3	Diplotaxis_erucoides
46	209	PZSV	PZSV1	Edge	L3F	L3	Eruca_vesicaria
77	151	CMV	CMV2	Crop	M1V	M1	Portulaca_oleraceae
55	134	BYDV_GAV	BYDV_GAV	Crop	H3P	H3	Hordeum_vulgare
31	151	CMV	CMV2	Crop	M1V	M1	Cucumis_melo
31	151	CMV	CMV1	Crop	M1V	M1	Cucumis_melo
55	137	BYDV_MAV	BYDV_MAV	Crop	H3P	H3	Hordeum_vulgare
25	209	PZSV	PZSV3	Edge	L3V	L3	Chenopodium_album
53	249	TuYV	TuYV	Edge	L4P	L4	Hirschfeldia_incana
55	138	BYDV_PAS	BYDV_PAS	Crop	H3P	H3	Hordeum_vulgare
82	249	TuYV	TuYV	Crop	H3P	H3	Rubia_peregrina
55	137	BYDV_MAV	BYDV_MAV	Crop	H2P	H2	Hordeum_vulgare
53	131	BrYV	BrYV_ABJ	Edge	L4P	L4	Hirschfeldia_incana
55	134	BYDV_GAV	BYDV_GAV	Crop	H2P	H2	Hordeum_vulgare
40	209	PZSV	PZSV3	Edge	L3V	L3	Diplotaxis_erucoides
40	209	PZSV	PZSV1	Crop	M3V	M3	Diplotaxis_erucoides
19	181	MDMV	MDMV	Edge	L1F	L1	Brachypodium_retusum
40	209	PZSV	PZSV1	Edge	L3P	L3	Diplotaxis_erucoides
82	131	BrYV	BrYV_ABJ	Crop	H3P	H3	Rubia_peregrina
27	217	RuCMV	RuCMV	Crop	Z2V	Z2	Convolvulus_arvensis
55	138	BYDV_PAS	BYDV_PAS	Crop	H2P	H2	Hordeum_vulgare
40	217	RuCMV	RuCMV	Crop	Z1V	Z1	Diplotaxis_erucoides
2	249	TuYV	TuYV	Edge	L3F	L3	Amaranthus_sp
40	209	PZSV	PZSV2	Edge	L3V	L3	Diplotaxis_erucoides
69	181	MDMV	MDMV	Edge	L1V	L1	Milium_vernale
60	199	PMoV	PMoV3	Edge	L4P	L4	Lepidium_draba
53	128	BMYV	BMYV	Edge	L4P	L4	Hirschfeldia_incana
53	133	BWYV	BWYV	Edge	L4P	L4	Hirschfeldia_incana
8	236	TMGMV	TMGMV	Oak	Q1P	Q1	Aristolochia_pistolochia
2	128	BMYV	BMYV	Edge	L3F	L3	Amaranthus_sp
82	128	BMYV	BMYV	Crop	H3P	H3	Rubia_peregrina
82	133	BWYV	BWYV	Crop	H3P	H3	Rubia_peregrina
60	199	PMoV	PMoV3	Edge	L4F	L4	Lepidium_draba
89	217	RuCMV	RuCMV	Edge	L2F	L2	Solanum_nigrum
9	263	YoMV	YoMV	Wasteland	E1F	E1	Artemisia_herba_alba
20	249	TuYV	TuYV	Crop	C2F	C2	Brassica_oleracea
82	120	BChV	BChV	Crop	H3P	H3	Rubia_peregrina
25	209	PZSV	PZSV2	Edge	L3V	L3	Chenopodium_album
3	123	BCTIV	BCTIV	Edge	L3V	L3	Anacyclus_clavatus
40	199	PMoV	PMoV3	Edge	L4F	L4	Diplotaxis_erucoides
72	181	MDMV	MDMV	Edge	L4F	L4	Phalaris_minor
53	120	BChV	BChV	Edge	L4P	L4	Hirschfeldia_incana
71	163	EMDV	EMDV	Wasteland	E4P	E4	Papaver_rhoeas
55	139	BYDV_PAV	BYDV_PAV	Crop	H1P	H1	Hordeum_vulgare
20	131	BrYV	BrYV_ABJ	Crop	C1F	C1	Brassica_oleracea
31	258	WMV	WMV	Crop	M5V	M1	Cucumis_melo
20	131	BrYV	BrYV_ABJ	Crop	C2F	C2	Brassica_oleracea
20	249	TuYV	TuYV	Crop	C1F	C1	Brassica_oleracea
2	120	BChV	BChV	Edge	L3F	L3	Amaranthus_sp
40	247	TuMV	TuMV	Edge	L3P	L3	Diplotaxis_erucoides
101	174	IYMoV2	IYMoV2	Wasteland	E4P	E4	Tragopogon_sp
72	217	RuCMV	RuCMV	Crop	Z1V	Z1	Phalaris_minor
6	199	PMoV	PMoV3	Edge	L4P	L4	Anthriscus_caucalis
40	199	PMoV	PMoV1	Edge	L4F	L4	Diplotaxis_erucoides
90	179	LYMoV	LYMoV	Edge	L1V	L1	Sonchus_oleraceus
55	171	HvEV	HvEV	Crop	H2P	H2	Hordeum_vulgare
2	131	BrYV	BrYV_ABJ	Edge	L3F	L3	Amaranthus_sp
60	199	PMoV	PMoV1	Edge	L4F	L4	Lepidium_draba
20	133	BWYV	BWYV	Crop	C2F	C2	Brassica_oleracea
40	209	PZSV	PZSV1	Edge	L3V	L3	Diplotaxis_erucoides
20	128	BMYV	BMYV	Crop	C2F	C2	Brassica_oleracea
55	137	BYDV_MAV	BYDV_MAV	Crop	H1P	H1	Hordeum_vulgare
60	199	PMoV	PMoV2	Edge	L4F	L4	Lepidium_draba
31	150	CmEV	CmEV	Crop	M1V	M1	Cucumis_melo
60	199	PMoV	PMoV1	Edge	L4P	L4	Lepidium_draba
20	120	BChV	BChV	Crop	C2F	C2	Brassica_oleracea
31	222	SbMV	SbMV	Crop	M2V	M2	Cucumis_melo
40	249	TuYV	TuYV	Edge	L3P	L3	Diplotaxis_erucoides
55	134	BYDV_GAV	BYDV_GAV	Crop	H1P	H1	Hordeum_vulgare
25	209	PZSV	PZSV1	Edge	L3V	L3	Chenopodium_album
31	258	WMV	WMV	Crop	M1V	M1	Cucumis_melo
55	157	CYDV_RPS	CYDV_RPS	Crop	H3P	H3	Hordeum_vulgare
40	131	BrYV	BrYV_ABJ	Edge	L3P	L3	Diplotaxis_erucoides
20	133	BWYV	BWYV	Crop	C1F	C1	Brassica_oleracea
40	199	PMoV	PMoV2	Edge	L4F	L4	Diplotaxis_erucoides
31	222	SbMV	SbMV	Crop	M1V	M1	Cucumis_melo
20	128	BMYV	BMYV	Crop	C1F	C1	Brassica_oleracea
59	151	CMV	CMV1	Edge	L1P	L1	Leontodon_sp
55	171	HvEV	HvEV	Crop	H2P	H2	Hordeum_vulgare
31	168	GMMV	GMMV1	Crop	M5V	M1	Cucumis_melo
20	120	BChV	BChV	Crop	C1F	C1	Brassica_oleracea
31	258	WMV	WMV	Crop	M4V	M4	Cucumis_melo
3	195	PeYDV	PeYDV	Edge	L3V	L3	Anacyclus_clavatus
31	222	SbMV	SbMV	Crop	M1V	M1	Cucumis_melo
55	138	BYDV_PAS	BYDV_PAS	Crop	H1P	H1	Hordeum_vulgare
55	138	BYDV_PAS	BYDV_PAS	Crop	H1P	H1	Hordeum_vulgare
60	199	PMoV	PMoV2	Edge	L4P	L4	Lepidium_draba
3	229	SpSCTV	SpSCTV	Edge	L3V	L3	Anacyclus_clavatus
59	151	CMV	CMV2	Edge	L1P	L1	Leontodon_sp
59	151	CMV	CMV3	Edge	L1P	L1	Leontodon_sp
31	150	CmEV	CmEV	Crop	M8V	M4	Cucumis_melo
55	158	CYDV_RPV	CYDV_RPV	Crop	H3P	H3	Hordeum_vulgare
2	209	PZSV	PZSV3	Edge	L3F	L3	Amaranthus_sp
74	217	RuCMV	RuCMV	Crop	Z2V	Z2	Picris_echioides
3	132	BSCTV	BSCTV	Edge	L3V	L3	Anacyclus_clavatus
69	237	TMV	TMV	Edge	L1V	L1	Milium_vernale
58	151	CMV	CMV1	Edge	L2P	L2	Lactuca_serriola
55	139	BYDV_PAV	BYDV_PAV	Crop	H1P	H1	Hordeum_vulgare
31	147	CLLV	CLLV	Crop	M2V	M2	Cucumis_melo
31	150	CmEV	CmEV	Crop	M3V	M3	Cucumis_melo
31	150	CmEV	CmEV	Crop	M5V	M1	Cucumis_melo
31	236	TMGMV	TMGMV	Crop	M7V	M3	Cucumis_melo
31	147	CLLV	CLLV	Crop	M1V	M1	Cucumis_melo
40	133	BWYV	BWYV	Edge	L3P	L3	Diplotaxis_erucoides
40	128	BMYV	BMYV	Edge	L3P	L3	Diplotaxis_erucoides
21	139	BYDV_PAV	BYDV_PAV	Edge	L3P	L3	Bromus_sp
40	120	BChV	BChV	Edge	L3P	L3	Diplotaxis_erucoides
35	151	CMV	CMV3	Crop	M2V	M2	Datura_stramonium
35	209	PZSV	PZSV3	Edge	L3F	L3	Datura_stramonium
58	151	CMV	CMV2	Edge	L2P	L2	Lactuca_serriola
85	151	CMV	CMV1	Edge	L3P	L3	Scandix_pecten_veneris
82	151	CMV	CMV1	Edge	L4P	L4	Rubia_peregrina
31	147	CLLV	CLLV	Crop	M1V	M1	Cucumis_melo
105	209	PZSV	PZSV3	Edge	L3F	L3	Vicia_sp
85	151	CMV	CMV2	Edge	L3P	L3	Scandix_pecten_veneris
21	151	CMV	CMV1	Edge	L2P	L2	Bromus_sp
22	209	PZSV	PZSV3	Edge	L3F	L3	Carduus_bourgeanus
28	209	PZSV	PZSV3	Edge	L3F	L3	Conyza_bonariensis
19	217	RuCMV	RuCMV	Edge	L2F	L2	Brachypodium_retusum
3	126	BMCTV	BMCTV	Edge	L3V	L3	Anacyclus_clavatus
2	180	MABYV	MABYV	Edge	L3F	L3	Amaranthus_sp
58	151	CMV	CMV3	Edge	L2P	L2	Lactuca_serriola
27	181	MDMV	MDMV	Edge	L2F	L2	Convolvulus_arvensis
21	151	CMV	CMV1	Edge	L1P	L1	Bromus_sp
85	151	CMV	CMV3	Edge	L3P	L3	Scandix_pecten_veneris
82	151	CMV	CMV2	Edge	L4P	L4	Rubia_peregrina
22	217	RuCMV	RuCMV	Edge	L1F	L1	Carduus_bourgeanus
22	151	CMV	CMV3	Edge	L2P	L2	Carduus_bourgeanus
49	151	CMV	CMV1	Edge	L3P	L3	Fumaria_parviflora
82	151	CMV	CMV3	Edge	L4P	L4	Rubia_peregrina
21	151	CMV	CMV2	Edge	L1P	L1	Bromus_sp
31	150	CmEV	CmEV	Crop	M7V	M3	Cucumis_melo
40	142	CABYV	CABYV	Edge	L3P	L3	Diplotaxis_erucoides
21	151	CMV	CMV3	Edge	L2P	L2	Bromus_sp
62	151	CMV	CMV1	Edge	L2P	L2	Lolium_perenne
79	237	TMV	TMV	Oak	Q3F	Q3	Quercus_coccifera
21	151	CMV	CMV2	Edge	L2P	L2	Bromus_sp
27	203	PoLV	PoLV	Edge	L1V	L1	Convolvulus_arvensis
59	231	TAV	TAV1	Edge	L1P	L1	Leontodon_sp
55	157	CYDV_RPS	CYDV_RPS	Crop	H1P	H1	Hordeum_vulgare
87	209	PZSV	PZSV3	Edge	L3F	L3	Silybum_marianum
105	142	CABYV	CABYV	Edge	L3F	L3	Vicia_sp
101	173	IYMoV1	IYMoV1	Wasteland	E4P	E4	Tragopogon_sp
3	225	SCTAV	SCTAV	Edge	L3V	L3	Anacyclus_clavatus
49	231	TAV	TAV1	Edge	L4P	L4	Fumaria_parviflora
24	151	CMV	CMV2	Oak	Q2P	Q2	Centranthus_calcitrapae
62	231	TAV	TAV1	Edge	L4F	L4	Lolium_perenne
22	151	CMV	CMV2	Edge	L2P	L2	Carduus_bourgeanus
49	151	CMV	CMV2	Edge	L3P	L3	Fumaria_parviflora
49	151	CMV	CMV3	Edge	L3P	L3	Fumaria_parviflora
24	151	CMV	CMV3	Oak	Q2P	Q2	Centranthus_calcitrapae
21	134	BYDV_GAV	BYDV_GAV	Edge	L3P	L3	Bromus_sp
62	231	TAV	TAV3	Edge	L4F	L4	Lolium_perenne
21	151	CMV	CMV3	Edge	L1P	L1	Bromus_sp
60	239	TNVA	TNVA	Edge	L3P	L3	Lepidium_draba
24	233	TBSV	TBSV	Wasteland	E2P	E2	Centranthus_calcitrapae
21	151	CMV	CMV1	Edge	L3P	L3	Bromus_sp
35	151	CMV	CMV1	Crop	M2V	M2	Datura_stramonium
8	231	TAV	TAV1	Edge	L4P	L4	Aristolochia_pistolochia
27	264	YSV	YSV	Edge	L1V	L1	Convolvulus_arvensis
27	217	RuCMV	RuCMV	Edge	L2F	L2	Convolvulus_arvensis
40	246	TSV	TSV1	Edge	L4F	L4	Diplotaxis_erucoides
61	217	RuCMV	RuCMV	Edge	L3V	L3	Lithospermum_arvense
62	151	CMV	CMV2	Edge	L2P	L2	Lolium_perenne
2	217	RuCMV	RuCMV	Edge	L1F	L1	Amaranthus_sp
71	258	WMV	WMV	Edge	L3P	L3	Papaver_rhoeas
27	168	GMMV	GMMV1	Crop	M1V	M1	Convolvulus_arvensis
8	151	CMV	CMV3	Edge	L4P	L4	Aristolochia_pistolochia
64	151	CMV	CMV1	Edge	L3P	L3	Malva_sylvestris
8	151	CMV	CMV2	Edge	L4P	L4	Aristolochia_pistolochia
25	151	CMV	CMV1	Edge	L2P	L2	Chenopodium_album
8	151	CMV	CMV1	Edge	L4P	L4	Aristolochia_pistolochia
27	151	CMV	CMV1	Edge	L4P	L4	Convolvulus_arvensis
60	227	SNSV	SNSV2	Edge	L4F	L4	Lepidium_draba
55	158	CYDV_RPV	CYDV_RPV	Crop	H1P	H1	Hordeum_vulgare
62	151	CMV	CMV3	Edge	L2P	L2	Lolium_perenne
22	151	CMV	CMV1	Edge	L2P	L2	Carduus_bourgeanus
25	151	CMV	CMV2	Edge	L2P	L2	Chenopodium_album
59	231	TAV	TAV3	Edge	L1P	L1	Leontodon_sp
21	151	CMV	CMV2	Edge	L3P	L3	Bromus_sp
21	137	BYDV_MAV	BYDV_MAV	Edge	L3P	L3	Bromus_sp
59	231	TAV	TAV2	Edge	L1P	L1	Leontodon_sp
60	151	CMV	CMV1	Edge	L3P	L3	Lepidium_draba
32	209	PZSV	PZSV3	Edge	L3F	L3	Cynodon_dactylon
62	226	ScYLV	ScYLV	Edge	L1V	L1	Lolium_perenne
32	217	RuCMV	RuCMV	Edge	L2F	L2	Cynodon_dactylon
62	231	TAV	TAV2	Edge	L4F	L4	Lolium_perenne
6	199	PMoV	PMoV1	Edge	L4P	L4	Anthriscus_caucalis
27	168	GMMV	GMMV1	Edge	L2P	L2	Convolvulus_arvensis
35	151	CMV	CMV2	Crop	M2V	M2	Datura_stramonium
2	209	PZSV	PZSV2	Edge	L3F	L3	Amaranthus_sp
72	230	SrMV	SrMV	Edge	L4F	L4	Phalaris_minor
27	217	RuCMV	RuCMV	Edge	L1F	L1	Convolvulus_arvensis
64	151	CMV	CMV1	Edge	L1P	L1	Malva_sylvestris
18	151	CMV	CMV1	Edge	L4P	L4	Brachypodium_phoenicoides
14	263	YoMV	YoMV	Wasteland	E4P	E4	Avena_sterilis
64	151	CMV	CMV3	Edge	L1P	L1	Malva_sylvestris
64	151	CMV	CMV2	Edge	L3P	L3	Malva_sylvestris
71	151	CMV	CMV1	Edge	L3P	L3	Papaver_rhoeas
19	230	SrMV	SrMV	Edge	L1F	L1	Brachypodium_retusum
71	151	CMV	CMV3	Edge	L3P	L3	Papaver_rhoeas
27	151	CMV	CMV2	Edge	L4P	L4	Convolvulus_arvensis
55	134	BYDV_GAV	BYDV_GAV	Crop	H1P	H1	Hordeum_vulgare
39	151	CMV	CMV3	Wasteland	E1F	E1	Descurainia_sophia
58	151	CMV	CMV1	Edge	L1P	L1	Lactuca_serriola
58	231	TAV	TAV1	Edge	L2P	L2	Lactuca_serriola
64	151	CMV	CMV3	Edge	L3P	L3	Malva_sylvestris
79	151	CMV	CMV3	Oak	Q1F	Q1	Quercus_coccifera
21	151	CMV	CMV3	Edge	L3P	L3	Bromus_sp
53	151	CMV	CMV1	Edge	L4P	L4	Hirschfeldia_incana
33	258	WMV	WMV	Crop	M1V	M1	Cyperus_longus
18	151	CMV	CMV2	Edge	L4P	L4	Brachypodium_phoenicoides
31	141	CABMV	CABMV	Crop	M2V	M2	Cucumis_melo
74	237	TMV	TMV	Edge	L1V	L1	Picris_echioides
91	151	CMV	CMV3	Oak	Q2P	Q2	Staehelina_dubia
82	231	TAV	TAV1	Edge	L4P	L4	Rubia_peregrina
77	168	GMMV	GMMV1	Crop	M1V	M1	Portulaca_oleraceae
91	151	CMV	CMV2	Oak	Q2P	Q2	Staehelina_dubia
55	137	BYDV_MAV	BYDV_MAV	Crop	H1P	H1	Hordeum_vulgare
79	151	CMV	CMV1	Oak	Q1F	Q1	Quercus_coccifera
24	151	CMV	CMV1	Oak	Q2P	Q2	Centranthus_calcitrapae
40	198	PMMoV	PMMoV	Edge	L1F	L1	Diplotaxis_erucoides
40	217	RuCMV	RuCMV	Edge	L1F	L1	Diplotaxis_erucoides
69	236	TMGMV	TMGMV	Edge	L1V	L1	Milium_vernale
60	151	CMV	CMV2	Edge	L3P	L3	Lepidium_draba
39	151	CMV	CMV1	Wasteland	E1F	E1	Descurainia_sophia
76	139	BYDV_PAV	BYDV_PAV	Edge	L1P	L1	Poaceae
74	180	MABYV	MABYV	Edge	L2V	L2	Picris_echioides
79	151	CMV	CMV2	Oak	Q1F	Q1	Quercus_coccifera
94	151	CMV	CMV2	Oak	Q2P	Q2	Teucrium_botrys
64	151	CMV	CMV2	Edge	L1P	L1	Malva_sylvestris
2	151	CMV	CMV3	Crop	M1V	M1	Amaranthus_sp
94	151	CMV	CMV3	Oak	Q2P	Q2	Teucrium_botrys
27	151	CMV	CMV1	Edge	L3F	L3	Convolvulus_arvensis
22	237	TMV	TMV	Crop	Z1V	Z1	Carduus_bourgeanus
21	231	TAV	TAV1	Edge	L1P	L1	Bromus_sp
49	231	TAV	TAV2	Edge	L4P	L4	Fumaria_parviflora
31	236	TMGMV	TMGMV	Crop	M8V	M4	Cucumis_melo
27	151	CMV	CMV3	Edge	L4P	L4	Convolvulus_arvensis
49	231	TAV	TAV3	Edge	L4P	L4	Fumaria_parviflora
35	209	PZSV	PZSV2	Edge	L3F	L3	Datura_stramonium
74	151	CMV	CMV2	Edge	L2P	L2	Picris_echioides
22	209	PZSV	PZSV2	Edge	L3F	L3	Carduus_bourgeanus
40	234	TCV	TCV	Edge	L3F	L3	Diplotaxis_erucoides
51	151	CMV	CMV3	Oak	Q2P	Q2	Geranium_sp
69	230	SrMV	SrMV	Edge	L1V	L1	Milium_vernale
60	151	CMV	CMV3	Edge	L3P	L3	Lepidium_draba
58	151	CMV	CMV3	Edge	L1P	L1	Lactuca_serriola
25	151	CMV	CMV3	Edge	L2P	L2	Chenopodium_album
53	151	CMV	CMV3	Edge	L4P	L4	Hirschfeldia_incana
8	231	TAV	TAV2	Edge	L4P	L4	Aristolochia_pistolochia
105	209	PZSV	PZSV2	Edge	L3F	L3	Vicia_sp
92	236	TMGMV	TMGMV	Oak	Q1P	Q1	Stipa_parviflora
21	231	TAV	TAV1	Edge	L2P	L2	Bromus_sp
18	151	CMV	CMV3	Edge	L4P	L4	Brachypodium_phoenicoides
53	151	CMV	CMV2	Edge	L4P	L4	Hirschfeldia_incana
27	149	CLSV	CLSV	Edge	L1V	L1	Convolvulus_arvensis
34	151	CMV	CMV2	Oak	Q2P	Q2	Dactylis_glomerata
58	151	CMV	CMV2	Edge	L1P	L1	Lactuca_serriola
71	151	CMV	CMV2	Edge	L3P	L3	Papaver_rhoeas
6	151	CMV	CMV1	Edge	L4P	L4	Anthriscus_caucalis
49	151	CMV	CMV1	Edge	L4P	L4	Fumaria_parviflora
31	151	CMV	CMV3	Crop	M2V	M2	Cucumis_melo
28	209	PZSV	PZSV2	Edge	L3F	L3	Conyza_bonariensis
74	236	TMGMV	TMGMV	Edge	L1V	L1	Picris_echioides
69	224	SCMV	SCMV	Edge	L1V	L1	Milium_vernale
2	148	CLRDV	CLRDV	Edge	L3F	L3	Amaranthus_sp
31	231	TAV	TAV1	Crop	M5V	M1	Cucumis_melo
76	157	CYDV_RPS	CYDV_RPS	Edge	L1P	L1	Poaceae
6	151	CMV	CMV3	Edge	L4P	L4	Anthriscus_caucalis
93	237	TMV	TMV	Wasteland	E4F	E4	Taraxacum_officinale
22	258	WMV	WMV	Edge	L2P	L2	Carduus_bourgeanus
8	231	TAV	TAV3	Edge	L4P	L4	Aristolochia_pistolochia
27	151	CMV	CMV2	Edge	L3F	L3	Convolvulus_arvensis
89	250	TVCV	TVCV	Edge	L2F	L2	Solanum_nigrum
85	231	TAV	TAV1	Edge	L3P	L3	Scandix_pecten_veneris
6	199	PMoV	PMoV2	Edge	L4P	L4	Anthriscus_caucalis
74	151	CMV	CMV3	Edge	L2P	L2	Picris_echioides
31	141	CABMV	CABMV	Crop	M1V	M1	Cucumis_melo
9	257	WMoV	WMoV	Wasteland	E1F	E1	Artemisia_herba_alba
90	247	TuMV	TuMV	Edge	L3V	L3	Sonchus_oleraceus
49	231	TAV	TAV1	Edge	L3P	L3	Fumaria_parviflora
10	234	TCV	TCV	Wasteland	E4F	E4	Asparagus_acutifolius
6	151	CMV	CMV2	Edge	L4P	L4	Anthriscus_caucalis
82	231	TAV	TAV3	Edge	L4P	L4	Rubia_peregrina
22	209	PZSV	PZSV3	Edge	L1F	L1	Carduus_bourgeanus
51	151	CMV	CMV1	Oak	Q2P	Q2	Geranium_sp
82	151	CMV	CMV1	Edge	L1V	L1	Rubia_peregrina
85	231	TAV	TAV3	Edge	L3P	L3	Scandix_pecten_veneris
60	151	CMV	CMV3	Edge	L4P	L4	Lepidium_draba
10	151	CMV	CMV2	Oak	Q2P	Q2	Asparagus_acutifolius
82	231	TAV	TAV2	Edge	L4P	L4	Rubia_peregrina
25	119	BBSV	BBSV	Edge	L1F	L1	Chenopodium_album
4	180	MABYV	MABYV	Edge	L2V	L2	Anchusa_undulata
74	151	CMV	CMV1	Edge	L2P	L2	Picris_echioides
2	197	PLRV	PLRV	Edge	L3F	L3	Amaranthus_sp
27	209	PZSV	PZSV3	Edge	L3F	L3	Convolvulus_arvensis
55	136	BYDV_KerII	BYDV_KerII	Crop	H3P	H3	Hordeum_vulgare
72	209	PZSV	PZSV3	Edge	L4F	L4	Phalaris_minor
8	237	TMV	TMV	Oak	Q1P	Q1	Aristolochia_pistolochia
31	168	GMMV	GMMV1	Crop	M1V	M1	Cucumis_melo
19	237	TMV	TMV	Edge	L4F	L4	Brachypodium_retusum
39	151	CMV	CMV2	Wasteland	E1F	E1	Descurainia_sophia
49	151	CMV	CMV2	Edge	L4P	L4	Fumaria_parviflora
60	151	CMV	CMV1	Edge	L4P	L4	Lepidium_draba
60	122	BCRV	BCRV1	Edge	L4F	L4	Lepidium_draba
45	209	PZSV	PZSV3	Edge	L4F	L4	Erodium_cicutarium
85	231	TAV	TAV2	Edge	L3P	L3	Scandix_pecten_veneris
59	151	CMV	CMV3	Oak	Q2P	Q2	Leontodon_sp
20	217	RuCMV	RuCMV	Crop	C1F	C1	Brassica_oleracea
94	151	CMV	CMV1	Oak	Q2P	Q2	Teucrium_botrys
21	231	TAV	TAV3	Edge	L2P	L2	Bromus_sp
58	231	TAV	TAV2	Edge	L2P	L2	Lactuca_serriola
60	151	CMV	CMV2	Edge	L4P	L4	Lepidium_draba
95	263	YoMV	YoMV	Oak	Q1P	Q1	Teucrium_capitatum
74	209	PZSV	PZSV3	Edge	L1F	L1	Picris_echioides
82	209	PZSV	PZSV3	Edge	L1F	L1	Rubia_peregrina
24	196	PLCV	PLCV	Wasteland	E2P	E2	Centranthus_calcitrapae
31	151	CMV	CMV3	Crop	M1V	M1	Cucumis_melo
58	231	TAV	TAV3	Edge	L2P	L2	Lactuca_serriola
4	188	PABYV	PABYV	Edge	L2V	L2	Anchusa_undulata
83	217	RuCMV	RuCMV	Edge	L1F	L1	Rumex_pulcher
89	209	PZSV	PZSV3	Edge	L2F	L2	Solanum_nigrum
105	217	RuCMV	RuCMV	Edge	L3F	L3	Vicia_sp
87	209	PZSV	PZSV3	Edge	L4F	L4	Silybum_marianum
23	151	CMV	CMV3	Oak	Q2P	Q2	Centaurea_melitensis
58	174	IYMoV2	IYMoV2	Edge	L2V	L2	Lactuca_serriola
51	151	CMV	CMV2	Oak	Q2P	Q2	Geranium_sp
21	231	TAV	TAV3	Edge	L1P	L1	Bromus_sp
21	231	TAV	TAV2	Edge	L2P	L2	Bromus_sp
58	209	PZSV	PZSV3	Edge	L1F	L1	Lactuca_serriola
2	142	CABYV	CABYV	Edge	L3F	L3	Amaranthus_sp
34	151	CMV	CMV3	Oak	Q2P	Q2	Dactylis_glomerata
22	151	CMV	CMV2	Oak	Q2P	Q2	Carduus_bourgeanus
6	209	PZSV	PZSV3	Edge	L1F	L1	Anthriscus_caucalis
82	237	TMV	TMV	Edge	L1V	L1	Rubia_peregrina
10	151	CMV	CMV3	Oak	Q2P	Q2	Asparagus_acutifolius
50	151	CMV	CMV3	Oak	Q2P	Q2	Galium_verum
49	231	TAV	TAV3	Edge	L3P	L3	Fumaria_parviflora
49	151	CMV	CMV3	Edge	L4P	L4	Fumaria_parviflora
19	224	SCMV	SCMV	Edge	L1F	L1	Brachypodium_retusum
2	209	PZSV	PZSV1	Edge	L3F	L3	Amaranthus_sp
55	171	HvEV	HvEV	Crop	H3P	H3	Hordeum_vulgare
22	151	CMV	CMV3	Oak	Q2P	Q2	Carduus_bourgeanus
21	231	TAV	TAV1	Edge	L3P	L3	Bromus_sp
25	209	PZSV	PZSV3	Edge	L1F	L1	Chenopodium_album
83	209	PZSV	PZSV3	Edge	L1F	L1	Rumex_pulcher
87	209	PZSV	PZSV2	Edge	L3F	L3	Silybum_marianum
31	151	CMV	CMV3	Crop	M1V	M1	Cucumis_melo
79	151	CMV	CMV3	Oak	Q2F	Q2	Quercus_coccifera
21	234	TCV	TCV	Wasteland	E4F	E4	Bromus_sp
52	151	CMV	CMV3	Oak	Q2P	Q2	Helichrysum_stoechas
49	231	TAV	TAV2	Edge	L3P	L3	Fumaria_parviflora
60	231	TAV	TAV1	Edge	L3P	L3	Lepidium_draba
74	155	CpCSV	CpCSV	Edge	L2V	L2	Picris_echioides
27	209	PZSV	PZSV3	Edge	L1F	L1	Convolvulus_arvensis
32	209	PZSV	PZSV2	Edge	L3F	L3	Cynodon_dactylon
58	209	PZSV	PZSV3	Edge	L3F	L3	Lactuca_serriola
24	146	CIRV	CIRV	Wasteland	E2P	E2	Centranthus_calcitrapae
24	182	MPV	MPV	Wasteland	E2P	E2	Centranthus_calcitrapae
55	136	BYDV_KerII	BYDV_KerII	Crop	H2P	H2	Hordeum_vulgare
82	151	CMV	CMV3	Edge	L1V	L1	Rubia_peregrina
9	248	TuVCV	TuVCV	Wasteland	E1F	E1	Artemisia_herba_alba
60	122	BCRV	BCRV1	Edge	L4P	L4	Lepidium_draba
28	209	PZSV	PZSV3	Edge	L1F	L1	Conyza_bonariensis
105	209	PZSV	PZSV1	Edge	L3F	L3	Vicia_sp
26	209	PZSV	PZSV3	Edge	L4F	L4	Cirsium_arvense
40	209	PZSV	PZSV3	Edge	L4F	L4	Diplotaxis_erucoides
72	224	SCMV	SCMV	Edge	L4F	L4	Phalaris_minor
2	151	CMV	CMV1	Crop	M1V	M1	Amaranthus_sp
104	237	TMV	TMV	Wasteland	E4F	E4	Verbascum_sinuatum
42	234	TCV	TCV	Oak	Q1P	Q1	Diplotaxis_virgata
62	231	TAV	TAV1	Edge	L2P	L2	Lolium_perenne
74	188	PABYV	PABYV	Edge	L2V	L2	Picris_echioides
27	151	CMV	CMV3	Edge	L3F	L3	Convolvulus_arvensis
36	209	PZSV	PZSV3	Edge	L3F	L3	Daucus_sp
64	209	PZSV	PZSV3	Edge	L1F	L1	Malva_sylvestris
59	151	CMV	CMV2	Oak	Q2P	Q2	Leontodon_sp
31	141	CABMV	CABMV	Crop	M1V	M1	Cucumis_melo
69	172	IJGMV	IJGMV	Edge	L1V	L1	Milium_vernale
23	234	TCV	TCV	Oak	Q2P	Q2	Centaurea_melitensis
51	209	PZSV	PZSV3	Edge	L1F	L1	Geranium_sp
31	151	CMV	CMV1	Crop	M1V	M1	Cucumis_melo
31	222	SbMV	SbMV	Crop	M5V	M1	Cucumis_melo
21	231	TAV	TAV2	Edge	L1P	L1	Bromus_sp
4	173	IYMoV1	IYMoV1	Edge	L2V	L2	Anchusa_undulata
82	217	RuCMV	RuCMV	Edge	L1F	L1	Rubia_peregrina
44	209	PZSV	PZSV3	Edge	L4F	L4	Echium_vulgare
31	121	BCMV	BCMV	Crop	M1V	M1	Cucumis_melo
22	236	TMGMV	TMGMV	Crop	Z1V	Z1	Carduus_bourgeanus
42	151	CMV	CMV3	Oak	Q1P	Q1	Diplotaxis_virgata
25	231	TAV	TAV1	Edge	L2P	L2	Chenopodium_album
22	209	PZSV	PZSV1	Edge	L3F	L3	Carduus_bourgeanus
28	133	BWYV	BWYV	Edge	L3F	L3	Conyza_bonariensis
27	209	PZSV	PZSV3	Edge	L4F	L4	Convolvulus_arvensis
36	209	PZSV	PZSV3	Edge	L4F	L4	Daucus_sp
83	209	PZSV	PZSV3	Edge	L4F	L4	Rumex_pulcher
27	234	TCV	TCV	Wasteland	E4F	E4	Convolvulus_arvensis
76	134	BYDV_GAV	BYDV_GAV	Edge	L1P	L1	Poaceae
28	217	RuCMV	RuCMV	Edge	L3F	L3	Conyza_bonariensis
40	217	RuCMV	RuCMV	Edge	L3F	L3	Diplotaxis_erucoides
40	122	BCRV	BCRV1	Edge	L4F	L4	Diplotaxis_erucoides
60	209	PZSV	PZSV3	Edge	L4F	L4	Lepidium_draba
82	151	CMV	CMV2	Edge	L1V	L1	Rubia_peregrina
19	236	TMGMV	TMGMV	Edge	L4F	L4	Brachypodium_retusum
23	151	CMV	CMV1	Oak	Q2P	Q2	Centaurea_melitensis
91	151	CMV	CMV1	Oak	Q2P	Q2	Staehelina_dubia
53	231	TAV	TAV1	Edge	L4P	L4	Hirschfeldia_incana
60	227	SNSV	SNSV2	Edge	L4P	L4	Lepidium_draba
32	209	PZSV	PZSV3	Edge	L2F	L2	Cynodon_dactylon
26	217	RuCMV	RuCMV	Edge	L4F	L4	Cirsium_arvense
76	158	CYDV_RPV	CYDV_RPV	Edge	L1P	L1	Poaceae
27	231	TAV	TAV1	Edge	L2P	L2	Convolvulus_arvensis
60	246	TSV	TSV1	Edge	L4P	L4	Lepidium_draba
19	217	RuCMV	RuCMV	Edge	L1F	L1	Brachypodium_retusum
40	217	RuCMV	RuCMV	Edge	L4F	L4	Diplotaxis_erucoides
87	217	RuCMV	RuCMV	Edge	L4F	L4	Silybum_marianum
24	167	GALV	GALV	Wasteland	E2P	E2	Centranthus_calcitrapae
40	234	TCV	TCV	Crop	C1F	C1	Diplotaxis_erucoides
2	151	CMV	CMV2	Crop	M1V	M1	Amaranthus_sp
31	121	BCMV	BCMV	Crop	M2V	M2	Cucumis_melo
59	237	TMV	TMV	Wasteland	E4F	E4	Leontodon_sp
69	181	MDMV	MDMV	Edge	L2V	L2	Milium_vernale
52	151	CMV	CMV2	Oak	Q2P	Q2	Helichrysum_stoechas
91	237	TMV	TMV	Oak	Q2P	Q2	Staehelina_dubia
21	138	BYDV_PAS	BYDV_PAS	Edge	L3P	L3	Bromus_sp
18	231	TAV	TAV1	Edge	L4P	L4	Brachypodium_phoenicoides
27	231	TAV	TAV1	Edge	L4P	L4	Convolvulus_arvensis
53	231	TAV	TAV3	Edge	L4P	L4	Hirschfeldia_incana
4	155	CpCSV	CpCSV	Edge	L2V	L2	Anchusa_undulata
58	209	PZSV	PZSV3	Edge	L3V	L3	Lactuca_serriola
2	209	PZSV	PZSV3	Edge	L1F	L1	Amaranthus_sp
28	217	RuCMV	RuCMV	Edge	L1F	L1	Conyza_bonariensis
28	209	PZSV	PZSV1	Edge	L3F	L3	Conyza_bonariensis
37	209	PZSV	PZSV3	Edge	L4F	L4	Desconocida_4
37	217	RuCMV	RuCMV	Edge	L4F	L4	Desconocida_4
60	217	RuCMV	RuCMV	Edge	L4F	L4	Lepidium_draba
83	217	RuCMV	RuCMV	Edge	L4F	L4	Rumex_pulcher
24	113	AMCV	AMCV	Wasteland	E2P	E2	Centranthus_calcitrapae
19	198	PMMoV	PMMoV	Edge	L4F	L4	Brachypodium_retusum
10	151	CMV	CMV1	Oak	Q2P	Q2	Asparagus_acutifolius
23	151	CMV	CMV2	Oak	Q2P	Q2	Centaurea_melitensis
58	231	TAV	TAV1	Edge	L1P	L1	Lactuca_serriola
64	231	TAV	TAV1	Edge	L1P	L1	Malva_sylvestris
62	231	TAV	TAV3	Edge	L2P	L2	Lolium_perenne
53	231	TAV	TAV2	Edge	L4P	L4	Hirschfeldia_incana
74	154	CP1	CP1	Edge	L2V	L2	Picris_echioides
74	254	WClMV	WClMV	Edge	L2V	L2	Picris_echioides
51	217	RuCMV	RuCMV	Edge	L1F	L1	Geranium_sp
27	217	RuCMV	RuCMV	Edge	L4F	L4	Convolvulus_arvensis
60	209	PZSV	PZSV2	Edge	L4F	L4	Lepidium_draba
62	209	PZSV	PZSV3	Edge	L4F	L4	Lolium_perenne
45	217	RuCMV	RuCMV	Edge	L4F	L4	Erodium_cicutarium
59	185	ObPV	ObPV	Oak	Q2P	Q2	Leontodon_sp
31	151	CMV	CMV2	Crop	M2V	M2	Cucumis_melo
42	151	CMV	CMV2	Oak	Q1P	Q1	Diplotaxis_virgata
4	193	PDV	PDV1	Wasteland	E2F	E2	Anchusa_undulata
58	231	TAV	TAV3	Edge	L1P	L1	Lactuca_serriola
62	231	TAV	TAV2	Edge	L2P	L2	Lolium_perenne
4	154	CP1	CP1	Edge	L2V	L2	Anchusa_undulata
19	209	PZSV	PZSV3	Edge	L1F	L1	Brachypodium_retusum
32	217	RuCMV	RuCMV	Edge	L1F	L1	Cynodon_dactylon
32	209	PZSV	PZSV2	Edge	L2F	L2	Cynodon_dactylon
2	217	RuCMV	RuCMV	Edge	L3F	L3	Amaranthus_sp
36	217	RuCMV	RuCMV	Edge	L4F	L4	Daucus_sp
72	217	RuCMV	RuCMV	Edge	L4F	L4	Phalaris_minor
102	209	PZSV	PZSV3	Edge	L4F	L4	Trifolium_campestre
27	228	SPCSV	SPCSV2	Crop	H2P	H2	Convolvulus_arvensis
23	237	TMV	TMV	Oak	Q2P	Q2	Centaurea_melitensis
21	231	TAV	TAV3	Edge	L3P	L3	Bromus_sp
22	151	CMV	CMV1	Edge	L4P	L4	Carduus_bourgeanus
22	151	CMV	CMV3	Edge	L4P	L4	Carduus_bourgeanus
40	209	PZSV	PZSV3	Edge	L1F	L1	Diplotaxis_erucoides
32	217	RuCMV	RuCMV	Edge	L3F	L3	Cynodon_dactylon
35	217	RuCMV	RuCMV	Edge	L3F	L3	Datura_stramonium
58	217	RuCMV	RuCMV	Edge	L3F	L3	Lactuca_serriola
87	217	RuCMV	RuCMV	Edge	L3F	L3	Silybum_marianum
62	217	RuCMV	RuCMV	Edge	L4F	L4	Lolium_perenne
55	139	BYDV_PAV	BYDV_PAV	Crop	H2P	H2	Hordeum_vulgare
55	260	WYDV	WYDV_GPV	Crop	H3P	H3	Hordeum_vulgare
90	176	LBVaV	LBVaV2	Edge	L1V	L1	Sonchus_oleraceus
31	121	BCMV	BCMV	Crop	M1V	M1	Cucumis_melo
10	237	TMV	TMV	Oak	Q2P	Q2	Asparagus_acutifolius
78	151	CMV	CMV2	Edge	L2P	L2	Potentilla_sp
60	231	TAV	TAV2	Edge	L3P	L3	Lepidium_draba
60	231	TAV	TAV3	Edge	L3P	L3	Lepidium_draba
64	231	TAV	TAV3	Edge	L3P	L3	Malva_sylvestris
74	218	SABYV	SABYV	Edge	L2V	L2	Picris_echioides
19	172	IJGMV	IJGMV	Edge	L1F	L1	Brachypodium_retusum
58	217	RuCMV	RuCMV	Edge	L1F	L1	Lactuca_serriola
89	209	PZSV	PZSV2	Edge	L2F	L2	Solanum_nigrum
27	209	PZSV	PZSV2	Edge	L3F	L3	Convolvulus_arvensis
46	217	RuCMV	RuCMV	Edge	L3F	L3	Eruca_vesicaria
64	217	RuCMV	RuCMV	Edge	L1F	L1	Malva_sylvestris
44	217	RuCMV	RuCMV	Edge	L4F	L4	Echium_vulgare
59	151	CMV	CMV1	Oak	Q2P	Q2	Leontodon_sp
31	151	CMV	CMV1	Crop	M2V	M2	Cucumis_melo
69	243	ToMV	ToMV	Edge	L1V	L1	Milium_vernale
19	237	TMV	TMV	Edge	L2F	L2	Brachypodium_retusum
78	151	CMV	CMV3	Edge	L2P	L2	Potentilla_sp
64	231	TAV	TAV1	Edge	L3P	L3	Malva_sylvestris
27	217	RuCMV	RuCMV	Edge	L3F	L3	Convolvulus_arvensis
96	151	CMV	CMV3	Oak	Q2P	Q2	Teucrium_chamaedrys
79	151	CMV	CMV2	Oak	Q2F	Q2	Quercus_coccifera
70	263	YoMV	YoMV	Oak	Q4F	Q4	Odontites_luteus
50	151	CMV	CMV2	Oak	Q2P	Q2	Galium_verum
18	231	TAV	TAV2	Edge	L4P	L4	Brachypodium_phoenicoides
62	256	WLYaV	WLYaV	Edge	L1V	L1	Lolium_perenne
4	131	BrYV	BrYV_ABJ	Edge	L2V	L2	Anchusa_undulata
29	182	MPV	MPV	Edge	L2V	L2	Conyza_canadensis
74	217	RuCMV	RuCMV	Edge	L1F	L1	Picris_echioides
2	188	PABYV	PABYV	Edge	L3F	L3	Amaranthus_sp
22	217	RuCMV	RuCMV	Edge	L3F	L3	Carduus_bourgeanus
35	209	PZSV	PZSV1	Edge	L3F	L3	Datura_stramonium
46	151	CMV	CMV2	Edge	L3F	L3	Eruca_vesicaria
83	209	PZSV	PZSV2	Edge	L4F	L4	Rumex_pulcher
55	139	BYDV_PAV	BYDV_PAV	Crop	H3P	H3	Hordeum_vulgare
22	221	SbMMoV	SbMMoV	Crop	Z1V	Z1	Carduus_bourgeanus
3	124	BCTV	BCTV	Edge	L3V	L3	Anacyclus_clavatus
50	151	CMV	CMV1	Oak	Q2P	Q2	Galium_verum
27	209	PZSV	PZSV3	Edge	L3P	L3	Convolvulus_arvensis
71	247	TuMV	TuMV	Edge	L3P	L3	Papaver_rhoeas
87	209	PZSV	PZSV3	Edge	L3P	L3	Silybum_marianum
6	231	TAV	TAV1	Edge	L4P	L4	Anthriscus_caucalis
6	231	TAV	TAV3	Edge	L4P	L4	Anthriscus_caucalis
22	151	CMV	CMV2	Edge	L4P	L4	Carduus_bourgeanus
74	184	MYDV2	MYDV2	Edge	L2V	L2	Picris_echioides
32	209	PZSV	PZSV3	Edge	L1F	L1	Cynodon_dactylon
28	249	TuYV	TuYV	Edge	L3F	L3	Conyza_bonariensis
87	209	PZSV	PZSV1	Edge	L3F	L3	Silybum_marianum
72	209	PZSV	PZSV2	Edge	L4F	L4	Phalaris_minor
12	209	PZSV	PZSV3	Wasteland	E2P	E2	Asteriscus_aquaticus
45	263	YoMV	YoMV	Oak	Q1P	Q1	Erodium_cicutarium
107	217	RuCMV	RuCMV	Crop	Z1V	Z1	Zea_mays
107	152	CMV_satRNA	CMV_satRNA	Crop	Z1V	Z1	Zea_mays
31	151	CMV	CMV1	Crop	M1V	M1	Cucumis_melo
31	151	CMV	CMV2	Crop	M1V	M1	Cucumis_melo
79	198	PMMoV	PMMoV	Oak	Q3F	Q3	Quercus_coccifera
101	109	AEYV	AEYV	Wasteland	E4P	E4	Tragopogon_sp
52	236	TMGMV	TMGMV	Oak	Q2P	Q2	Helichrysum_stoechas
80	151	CMV	CMV2	Oak	Q2P	Q2	Quercus_ilex
81	151	CMV	CMV2	Oak	Q2P	Q2	Reseda_lutea
22	151	CMV	CMV1	Oak	Q2P	Q2	Carduus_bourgeanus
25	231	TAV	TAV2	Edge	L2P	L2	Chenopodium_album
64	231	TAV	TAV2	Edge	L3P	L3	Malva_sylvestris
2	243	ToMV	ToMV	Edge	L1F	L1	Amaranthus_sp
6	217	RuCMV	RuCMV	Edge	L1F	L1	Anthriscus_caucalis
82	209	PZSV	PZSV2	Edge	L1F	L1	Rubia_peregrina
2	155	CpCSV	CpCSV	Edge	L3F	L3	Amaranthus_sp
32	209	PZSV	PZSV1	Edge	L3F	L3	Cynodon_dactylon
102	217	RuCMV	RuCMV	Edge	L4F	L4	Trifolium_campestre
31	151	CMV	CMV3	Crop	M3V	M3	Cucumis_melo
48	151	CMV	CMV3	Wasteland	E4F	E4	Festuca_sp
82	236	TMGMV	TMGMV	Edge	L1V	L1	Rubia_peregrina
27	151	CMV	CMV3	Edge	L2F	L2	Convolvulus_arvensis
19	204	PPV	PPV	Edge	L2F	L2	Brachypodium_retusum
31	147	CLLV	CLLV	Crop	M5V	M1	Cucumis_melo
58	231	TAV	TAV2	Edge	L1P	L1	Lactuca_serriola
21	231	TAV	TAV2	Edge	L3P	L3	Bromus_sp
27	151	CMV	CMV3	Edge	L3P	L3	Convolvulus_arvensis
40	151	CMV	CMV3	Edge	L3P	L3	Diplotaxis_erucoides
71	209	PZSV	PZSV3	Edge	L3P	L3	Papaver_rhoeas
18	231	TAV	TAV3	Edge	L4P	L4	Brachypodium_phoenicoides
53	148	CLRDV	CLRDV	Edge	L4P	L4	Hirschfeldia_incana
53	180	MABYV	MABYV	Edge	L4P	L4	Hirschfeldia_incana
53	218	SABYV	SABYV	Edge	L4P	L4	Hirschfeldia_incana
60	231	TAV	TAV1	Edge	L4P	L4	Lepidium_draba
40	209	PZSV	PZSV2	Edge	L1F	L1	Diplotaxis_erucoides
58	209	PZSV	PZSV2	Edge	L1F	L1	Lactuca_serriola
28	198	PMMoV	PMMoV	Edge	L3F	L3	Conyza_bonariensis
36	209	PZSV	PZSV2	Edge	L3F	L3	Daucus_sp
36	217	RuCMV	RuCMV	Edge	L3F	L3	Daucus_sp
71	236	TMGMV	TMGMV	Wasteland	E4P	E4	Papaver_rhoeas
82	207	PVYV	PVYV	Crop	H3P	H3	Rubia_peregrina
38	217	RuCMV	RuCMV	Crop	H3P	H3	Desconocida_5
27	241	ToLCNDV	ToLCNDVB	Edge	L3F	L3	Convolvulus_arvensis
31	262	YMV	YMV	Crop	M1V	M1	Cucumis_melo
79	236	TMGMV	TMGMV	Oak	Q1F	Q1	Quercus_coccifera
61	258	WMV	WMV	Crop	M4V	M4	Lithospermum_arvense
31	151	CMV	CMV2	Crop	M1V	M1	Cucumis_melo
27	237	TMV	TMV	Edge	L2F	L2	Convolvulus_arvensis
61	209	PZSV	PZSV3	Edge	L3V	L3	Lithospermum_arvense
34	151	CMV	CMV1	Oak	Q2P	Q2	Dactylis_glomerata
52	151	CMV	CMV1	Oak	Q2P	Q2	Helichrysum_stoechas
79	151	CMV	CMV2	Oak	Q2P	Q2	Quercus_coccifera
22	217	RuCMV	RuCMV	Oak	Q2P	Q2	Carduus_bourgeanus
76	137	BYDV_MAV	BYDV_MAV	Edge	L1P	L1	Poaceae
105	151	CMV	CMV3	Edge	L1P	L1	Vicia_sp
25	231	TAV	TAV3	Edge	L2P	L2	Chenopodium_album
21	209	PZSV	PZSV3	Edge	L3P	L3	Bromus_sp
27	231	TAV	TAV3	Edge	L4P	L4	Convolvulus_arvensis
4	184	MYDV2	MYDV2	Edge	L2V	L2	Anchusa_undulata
29	237	TMV	TMV	Edge	L3V	L3	Conyza_canadensis
2	209	PZSV	PZSV2	Edge	L1F	L1	Amaranthus_sp
19	112	ALaV	ALaV1	Edge	L1F	L1	Brachypodium_retusum
19	209	PZSV	PZSV2	Edge	L1F	L1	Brachypodium_retusum
19	258	WMV	WMV	Edge	L1F	L1	Brachypodium_retusum
2	198	PMMoV	PMMoV	Edge	L3F	L3	Amaranthus_sp
55	138	BYDV_PAS	BYDV_PAS	Crop	H3P	H3	Hordeum_vulgare
97	258	WMV	WMV	Oak	Q1F	Q1	Teucrium_pseudochamaepitys
31	236	TMGMV	TMGMV	Crop	M3V	M3	Cucumis_melo
21	263	YoMV	YoMV	Wasteland	E4F	E4	Bromus_sp
27	228	SPCSV	SPCSV2	Wasteland	E4F	E4	Convolvulus_arvensis
4	258	WMV	WMV	Wasteland	E1F	E1	Anchusa_undulata
94	237	TMV	TMV	Oak	Q2P	Q2	Teucrium_botrys
64	231	TAV	TAV2	Edge	L1P	L1	Malva_sylvestris
64	231	TAV	TAV3	Edge	L1P	L1	Malva_sylvestris
105	209	PZSV	PZSV3	Edge	L1P	L1	Vicia_sp
87	151	CMV	CMV3	Edge	L2P	L2	Silybum_marianum
27	209	PZSV	PZSV2	Edge	L3P	L3	Convolvulus_arvensis
49	209	PZSV	PZSV3	Edge	L3P	L3	Fumaria_parviflora
71	237	TMV	TMV	Edge	L3P	L3	Papaver_rhoeas
87	151	CMV	CMV3	Edge	L3P	L3	Silybum_marianum
62	217	RuCMV	RuCMV	Edge	L1V	L1	Lolium_perenne
74	151	CMV	CMV3	Edge	L2V	L2	Picris_echioides
22	209	PZSV	PZSV2	Edge	L1F	L1	Carduus_bourgeanus
28	243	ToMV	ToMV	Edge	L1F	L1	Conyza_bonariensis
83	209	PZSV	PZSV1	Edge	L1F	L1	Rumex_pulcher
2	251	TVDV	TVDV	Edge	L3F	L3	Amaranthus_sp
27	133	BWYV	BWYV	Edge	L3F	L3	Convolvulus_arvensis
28	142	CABYV	CABYV	Edge	L3F	L3	Conyza_bonariensis
36	209	PZSV	PZSV2	Edge	L4F	L4	Daucus_sp
37	209	PZSV	PZSV2	Edge	L4F	L4	Desconocida_4
44	209	PZSV	PZSV2	Edge	L4F	L4	Echium_vulgare
10	198	PMMoV	PMMoV	Wasteland	E4F	E4	Asparagus_acutifolius
55	134	BYDV_GAV	BYDV_GAV	Crop	H2P	H2	Hordeum_vulgare
40	258	WMV	WMV	Crop	M3V	M3	Diplotaxis_erucoides
31	222	SbMV	SbMV	Crop	M1V	M1	Cucumis_melo
77	258	WMV	WMV	Crop	M1V	M1	Portulaca_oleraceae
31	262	YMV	YMV	Crop	M2V	M2	Cucumis_melo
48	151	CMV	CMV1	Wasteland	E4F	E4	Festuca_sp
19	151	CMV	CMV2	Edge	L4F	L4	Brachypodium_retusum
27	263	YoMV	YoMV	Wasteland	E4F	E4	Convolvulus_arvensis
61	209	PZSV	PZSV2	Edge	L3V	L3	Lithospermum_arvense
65	234	TCV	TCV	Oak	Q1F	Q1	Marrubium_vulgare
69	151	CMV	CMV3	Edge	L2V	L2	Milium_vernale
69	234	TCV	TCV	Edge	L2V	L2	Milium_vernale
40	151	CMV	CMV3	Edge	L1P	L1	Diplotaxis_erucoides
86	151	CMV	CMV3	Edge	L1P	L1	Senecio_jacobaea
100	151	CMV	CMV3	Edge	L1P	L1	Torilis_nodosa
40	258	WMV	WMV	Edge	L3P	L3	Diplotaxis_erucoides
60	231	TAV	TAV2	Edge	L4P	L4	Lepidium_draba
60	231	TAV	TAV3	Edge	L4P	L4	Lepidium_draba
74	131	BrYV	BrYV_ABJ	Edge	L2V	L2	Picris_echioides
18	204	PPV	PPV	Edge	L2V	L2	Brachypodium_phoenicoides
25	243	ToMV	ToMV	Edge	L1F	L1	Chenopodium_album
28	209	PZSV	PZSV2	Edge	L1F	L1	Conyza_bonariensis
51	209	PZSV	PZSV2	Edge	L1F	L1	Geranium_sp
74	209	PZSV	PZSV2	Edge	L1F	L1	Picris_echioides
83	209	PZSV	PZSV2	Edge	L1F	L1	Rumex_pulcher
2	220	SbDV	SbDV	Edge	L3F	L3	Amaranthus_sp
2	237	TMV	TMV	Edge	L3F	L3	Amaranthus_sp
22	263	YoMV	YoMV	Edge	L3F	L3	Carduus_bourgeanus
28	120	BChV	BChV	Edge	L3F	L3	Conyza_bonariensis
87	151	CMV	CMV2	Edge	L3F	L3	Silybum_marianum
87	151	CMV	CMV3	Edge	L4F	L4	Silybum_marianum
67	237	TMV	TMV	Oak	Q3P	Q3	Medicago_sp
88	236	TMGMV	TMGMV	Crop	C1F	C1	Sisymbrium_runcinatum
38	216	RsCV3	RsCV3_1	Wasteland	E3F	E3	Desconocida_5
27	231	TAV	TAV1	Crop	M1V	M1	Convolvulus_arvensis
9	258	WMV	WMV	Oak	Q1F	Q1	Artemisia_herba_alba
31	172	IJGMV	IJGMV	Crop	M1V	M1	Cucumis_melo
31	262	YMV	YMV	Crop	M1V	M1	Cucumis_melo
69	211	RheMV	RheMV	Edge	L1V	L1	Milium_vernale
79	151	CMV	CMV1	Oak	Q2F	Q2	Quercus_coccifera
80	151	CMV	CMV1	Oak	Q2P	Q2	Quercus_ilex
76	151	CMV	CMV3	Edge	L1P	L1	Poaceae
58	209	PZSV	PZSV3	Edge	L1P	L1	Lactuca_serriola
60	151	CMV	CMV3	Edge	L1P	L1	Lepidium_draba
87	151	CMV	CMV3	Edge	L1P	L1	Silybum_marianum
60	186	OLV1	OLV1	Edge	L3P	L3	Lepidium_draba
71	234	TCV	TCV	Edge	L3P	L3	Papaver_rhoeas
87	209	PZSV	PZSV2	Edge	L3P	L3	Silybum_marianum
60	110	AGLV	AGLV1	Edge	L4P	L4	Lepidium_draba
4	254	WClMV	WClMV	Edge	L2V	L2	Anchusa_undulata
50	237	TMV	TMV	Edge	L2V	L2	Galium_verum
74	173	IYMoV1	IYMoV1	Edge	L2V	L2	Picris_echioides
90	209	PZSV	PZSV2	Edge	L3V	L3	Sonchus_oleraceus
90	209	PZSV	PZSV3	Edge	L3V	L3	Sonchus_oleraceus
19	209	PZSV	PZSV1	Edge	L1F	L1	Brachypodium_retusum
22	209	PZSV	PZSV1	Edge	L1F	L1	Carduus_bourgeanus
27	209	PZSV	PZSV2	Edge	L1F	L1	Convolvulus_arvensis
2	118	BaVG	BaVG	Edge	L3F	L3	Amaranthus_sp
40	151	CMV	CMV2	Edge	L3F	L3	Diplotaxis_erucoides
46	151	CMV	CMV1	Edge	L3F	L3	Eruca_vesicaria
58	209	PZSV	PZSV2	Edge	L3F	L3	Lactuca_serriola
105	198	PMMoV	PMMoV	Edge	L3F	L3	Vicia_sp
105	236	TMGMV	TMGMV	Edge	L3F	L3	Vicia_sp
40	209	PZSV	PZSV2	Edge	L4F	L4	Diplotaxis_erucoides
72	172	IJGMV	IJGMV	Edge	L4F	L4	Phalaris_minor
87	151	CMV	CMV2	Edge	L4F	L4	Silybum_marianum
24	159	CymRSV	CymRSV	Wasteland	E2P	E2	Centranthus_calcitrapae
24	190	PAMV	PAMV	Wasteland	E2P	E2	Centranthus_calcitrapae
54	151	CMV	CMV2	Wasteland	E3P	E3	Hordeum_matritense
88	249	TuYV	TuYV	Crop	C1F	C1	Sisymbrium_runcinatum
92	151	CMV	CMV3	Oak	Q1P	Q1	Stipa_parviflora
90	176	LBVaV	LBVaV1	Edge	L1V	L1	Sonchus_oleraceus
31	231	TAV	TAV1	Crop	M1V	M1	Cucumis_melo
31	172	IJGMV	IJGMV	Crop	M1V	M1	Cucumis_melo
19	151	CMV	CMV1	Edge	L4F	L4	Brachypodium_retusum
19	151	CMV	CMV3	Edge	L4F	L4	Brachypodium_retusum
79	237	TMV	TMV	Oak	Q2F	Q2	Quercus_coccifera
66	236	TMGMV	TMGMV	Wasteland	E4P	E4	Medicago_orbicularis
81	223	ScaMV	ScaMV	Wasteland	E4P	E4	Reseda_lutea
31	235	TelMV	TelMV	Crop	M5V	M1	Cucumis_melo
31	151	CMV	CMV2	Crop	M8V	M4	Cucumis_melo
9	212	RMV	RMV	Wasteland	E1F	E1	Artemisia_herba_alba
44	234	TCV	TCV	Wasteland	E4P	E4	Echium_vulgare
50	108	AEV1	AEV1	Oak	Q4P	Q4	Galium_verum
79	151	CMV	CMV3	Oak	Q2P	Q2	Quercus_coccifera
80	151	CMV	CMV3	Oak	Q2P	Q2	Quercus_ilex
81	151	CMV	CMV3	Oak	Q2P	Q2	Reseda_lutea
24	237	TMV	TMV	Oak	Q2P	Q2	Centranthus_calcitrapae
91	236	TMGMV	TMGMV	Oak	Q2P	Q2	Staehelina_dubia
36	151	CMV	CMV3	Edge	L1P	L1	Daucus_sp
76	209	PZSV	PZSV3	Edge	L1P	L1	Poaceae
59	209	PZSV	PZSV3	Edge	L1P	L1	Leontodon_sp
27	209	PZSV	PZSV3	Edge	L2P	L2	Convolvulus_arvensis
39	151	CMV	CMV3	Edge	L2P	L2	Descurainia_sophia
82	209	PZSV	PZSV3	Edge	L2P	L2	Rubia_peregrina
53	154	CP1	CP1	Edge	L4P	L4	Hirschfeldia_incana
53	199	PMoV	PMoV3	Edge	L4P	L4	Hirschfeldia_incana
4	148	CLRDV	CLRDV	Edge	L2V	L2	Anchusa_undulata
50	217	RuCMV	RuCMV	Edge	L2V	L2	Galium_verum
62	231	TAV	TAV2	Edge	L2V	L2	Lolium_perenne
74	191	PBMYV	PBMYV	Edge	L2V	L2	Picris_echioides
3	209	PZSV	PZSV2	Edge	L3V	L3	Anacyclus_clavatus
3	217	RuCMV	RuCMV	Edge	L3V	L3	Anacyclus_clavatus
58	209	PZSV	PZSV2	Edge	L3V	L3	Lactuca_serriola
90	217	RuCMV	RuCMV	Edge	L3V	L3	Sonchus_oleraceus
27	264	YSV	YSV	Edge	L1F	L1	Convolvulus_arvensis
28	237	TMV	TMV	Edge	L1F	L1	Conyza_bonariensis
2	151	CMV	CMV1	Edge	L3F	L3	Amaranthus_sp
2	236	TMGMV	TMGMV	Edge	L3F	L3	Amaranthus_sp
22	151	CMV	CMV3	Edge	L3F	L3	Carduus_bourgeanus
27	258	WMV	WMV	Edge	L3F	L3	Convolvulus_arvensis
32	198	PMMoV	PMMoV	Edge	L3F	L3	Cynodon_dactylon
35	198	PMMoV	PMMoV	Edge	L3F	L3	Datura_stramonium
64	209	PZSV	PZSV2	Edge	L1F	L1	Malva_sylvestris
26	209	PZSV	PZSV2	Edge	L4F	L4	Cirsium_arvense
27	209	PZSV	PZSV2	Edge	L4F	L4	Convolvulus_arvensis
40	246	TSV	TSV2	Edge	L4F	L4	Diplotaxis_erucoides
62	209	PZSV	PZSV2	Edge	L4F	L4	Lolium_perenne
87	209	PZSV	PZSV2	Edge	L4F	L4	Silybum_marianum
102	209	PZSV	PZSV2	Edge	L4F	L4	Trifolium_campestre
10	236	TMGMV	TMGMV	Wasteland	E4F	E4	Asparagus_acutifolius
47	236	TMGMV	TMGMV	Wasteland	E3P	E3	Eryngium_campestre
34	237	TMV	TMV	Wasteland	E4P	E4	Dactylis_glomerata
55	157	CYDV_RPS	CYDV_RPS	Crop	H3P	H3	Hordeum_vulgare
88	131	BrYV	BrYV_ABJ	Crop	C1F	C1	Sisymbrium_runcinatum
88	217	RuCMV	RuCMV	Crop	C1F	C1	Sisymbrium_runcinatum
31	150	CmEV	CmEV	Crop	M2V	M2	Cucumis_melo
104	165	FMV	FMV1	Wasteland	E2F	E2	Verbascum_sinuatum
31	166	FVY	FVY	Crop	M1V	M1	Cucumis_melo
77	231	TAV	TAV1	Crop	M1V	M1	Portulaca_oleraceae
31	151	CMV	CMV2	Crop	M3V	M3	Cucumis_melo
31	222	SbMV	SbMV	Crop	M4V	M4	Cucumis_melo
48	151	CMV	CMV2	Wasteland	E4F	E4	Festuca_sp
48	237	TMV	TMV	Wasteland	E4F	E4	Festuca_sp
69	151	CMV	CMV3	Edge	L1V	L1	Milium_vernale
27	151	CMV	CMV2	Edge	L2F	L2	Convolvulus_arvensis
19	198	PMMoV	PMMoV	Edge	L2F	L2	Brachypodium_retusum
79	236	TMGMV	TMGMV	Oak	Q2F	Q2	Quercus_coccifera
79	151	CMV	CMV1	Oak	Q3F	Q3	Quercus_coccifera
99	236	TMGMV	TMGMV	Oak	Q4P	Q4	Thymus_vulgaris
66	237	TMV	TMV	Wasteland	E4P	E4	Medicago_orbicularis
105	236	TMGMV	TMGMV	Wasteland	E4P	E4	Vicia_sp
101	251	TVDV	TVDV	Wasteland	E4P	E4	Tragopogon_sp
31	121	BCMV	BCMV	Crop	M5V	M1	Cucumis_melo
39	234	TCV	TCV	Wasteland	E1F	E1	Descurainia_sophia
21	112	ALaV	ALaV1	Wasteland	E4F	E4	Bromus_sp
21	237	TMV	TMV	Wasteland	E4F	E4	Bromus_sp
10	236	TMGMV	TMGMV	Oak	Q2P	Q2	Asparagus_acutifolius
11	151	CMV	CMV1	Oak	Q2P	Q2	Asphodelus_aestivus
50	237	TMV	TMV	Oak	Q2P	Q2	Galium_verum
52	237	TMV	TMV	Oak	Q2P	Q2	Helichrysum_stoechas
24	258	WMV	WMV	Oak	Q2P	Q2	Centranthus_calcitrapae
76	138	BYDV_PAS	BYDV_PAS	Edge	L1P	L1	Poaceae
60	209	PZSV	PZSV3	Edge	L1P	L1	Lepidium_draba
83	151	CMV	CMV3	Edge	L1P	L1	Rumex_pulcher
100	209	PZSV	PZSV3	Edge	L1P	L1	Torilis_nodosa
21	168	GMMV	GMMV1	Edge	L2P	L2	Bromus_sp
21	198	PMMoV	PMMoV	Edge	L2P	L2	Bromus_sp
25	209	PZSV	PZSV3	Edge	L2P	L2	Chenopodium_album
41	151	CMV	CMV3	Edge	L2P	L2	Diplotaxis_sp
82	151	CMV	CMV3	Edge	L2P	L2	Rubia_peregrina
87	209	PZSV	PZSV3	Edge	L2P	L2	Silybum_marianum
71	198	PMMoV	PMMoV	Edge	L3P	L3	Papaver_rhoeas
85	228	SPCSV	SPCSV2	Edge	L3P	L3	Scandix_pecten_veneris
6	231	TAV	TAV2	Edge	L4P	L4	Anthriscus_caucalis
6	246	TSV	TSV1	Edge	L4P	L4	Anthriscus_caucalis
22	231	TAV	TAV1	Edge	L4P	L4	Carduus_bourgeanus
27	209	PZSV	PZSV3	Edge	L4P	L4	Convolvulus_arvensis
27	231	TAV	TAV2	Edge	L4P	L4	Convolvulus_arvensis
49	209	PZSV	PZSV3	Edge	L4P	L4	Fumaria_parviflora
60	209	PZSV	PZSV3	Edge	L4P	L4	Lepidium_draba
29	217	RuCMV	RuCMV	Edge	L1V	L1	Conyza_canadensis
25	151	CMV	CMV2	Edge	L2V	L2	Chenopodium_album
62	231	TAV	TAV3	Edge	L2V	L2	Lolium_perenne
74	236	TMGMV	TMGMV	Edge	L2V	L2	Picris_echioides
74	258	WMV	WMV	Edge	L2V	L2	Picris_echioides
16	217	RuCMV	RuCMV	Edge	L3V	L3	Bassia_scoparia
87	209	PZSV	PZSV3	Edge	L3V	L3	Silybum_marianum
6	209	PZSV	PZSV1	Edge	L1F	L1	Anthriscus_caucalis
32	209	PZSV	PZSV2	Edge	L1F	L1	Cynodon_dactylon
40	236	TMGMV	TMGMV	Edge	L1F	L1	Diplotaxis_erucoides
51	209	PZSV	PZSV1	Edge	L1F	L1	Geranium_sp
2	258	WMV	WMV	Edge	L3F	L3	Amaranthus_sp
27	209	PZSV	PZSV1	Edge	L3F	L3	Convolvulus_arvensis
28	128	BMYV	BMYV	Edge	L3F	L3	Conyza_bonariensis
28	151	CMV	CMV1	Edge	L3F	L3	Conyza_bonariensis
28	151	CMV	CMV3	Edge	L3F	L3	Conyza_bonariensis
46	258	WMV	WMV	Edge	L3F	L3	Eruca_vesicaria
26	209	PZSV	PZSV1	Edge	L4F	L4	Cirsium_arvense
72	231	TAV	TAV3	Edge	L4F	L4	Phalaris_minor
45	209	PZSV	PZSV1	Edge	L4F	L4	Erodium_cicutarium
45	209	PZSV	PZSV2	Edge	L4F	L4	Erodium_cicutarium
24	201	PNSV	PNSV	Wasteland	E2P	E2	Centranthus_calcitrapae
54	151	CMV	CMV3	Wasteland	E3P	E3	Hordeum_matritense
21	151	CMV	CMV2	Oak	Q1P	Q1	Bromus_sp
98	151	CMV	CMV2	Oak	Q2P	Q2	Thapsia_villosa
59	160	DuMV	DuMV	Oak	Q2P	Q2	Leontodon_sp
55	137	BYDV_MAV	BYDV_MAV	Crop	H2P	H2	Hordeum_vulgare
40	236	TMGMV	TMGMV	Crop	Z1V	Z1	Diplotaxis_erucoides
22	221	SbMMoV	SbMMoV	Edge	L1F	L1	Carduus_bourgeanus
88	215	RsCV2	RsCV2_1	Wasteland	E3F	E3	Sisymbrium_runcinatum
37	150	CmEV	CmEV	Crop	M4V	M4	Desconocida_4
59	140	BYSMV	BYSMV	Edge	L1P	L1	Leontodon_sp
25	258	WMV	WMV	Crop	M2V	M2	Chenopodium_album
31	166	FVY	FVY	Crop	M1V	M1	Cucumis_melo
31	235	TelMV	TelMV	Crop	M1V	M1	Cucumis_melo
93	151	CMV	CMV3	Wasteland	E4F	E4	Taraxacum_officinale
74	151	CMV	CMV3	Edge	L1V	L1	Picris_echioides
69	198	PMMoV	PMMoV	Edge	L1V	L1	Milium_vernale
69	232	TBRFV	TBRFV	Edge	L1V	L1	Milium_vernale
19	236	TMGMV	TMGMV	Edge	L2F	L2	Brachypodium_retusum
19	209	PZSV	PZSV3	Edge	L4F	L4	Brachypodium_retusum
10	151	CMV	CMV3	Oak	Q2F	Q2	Asparagus_acutifolius
79	211	RheMV	RheMV	Oak	Q3F	Q3	Quercus_coccifera
99	198	PMMoV	PMMoV	Oak	Q4P	Q4	Thymus_vulgaris
101	120	BChV	BChV	Wasteland	E4P	E4	Tragopogon_sp
31	217	RuCMV	RuCMV	Crop	M7V	M3	Cucumis_melo
31	151	CMV	CMV3	Crop	M8V	M4	Cucumis_melo
59	151	CMV	CMV3	Wasteland	E2F	E2	Leontodon_sp
27	237	TMV	TMV	Wasteland	E4F	E4	Convolvulus_arvensis
44	151	CMV	CMV3	Wasteland	E4P	E4	Echium_vulgare
44	237	TMV	TMV	Wasteland	E4P	E4	Echium_vulgare
42	151	CMV	CMV1	Oak	Q1P	Q1	Diplotaxis_virgata
42	236	TMGMV	TMGMV	Oak	Q1P	Q1	Diplotaxis_virgata
69	217	RuCMV	RuCMV	Edge	L2V	L2	Milium_vernale
69	228	SPCSV	SPCSV2	Edge	L2V	L2	Milium_vernale
69	263	YoMV	YoMV	Edge	L2V	L2	Milium_vernale
4	193	PDV	PDV2	Wasteland	E2F	E2	Anchusa_undulata
11	151	CMV	CMV2	Oak	Q2P	Q2	Asphodelus_aestivus
34	237	TMV	TMV	Oak	Q2P	Q2	Dactylis_glomerata
50	236	TMGMV	TMGMV	Oak	Q2P	Q2	Galium_verum
81	151	CMV	CMV1	Oak	Q2P	Q2	Reseda_lutea
36	249	TuYV	TuYV	Edge	L1P	L1	Daucus_sp
76	209	PZSV	PZSV2	Edge	L1P	L1	Poaceae
74	151	CMV	CMV2	Edge	L1P	L1	Picris_echioides
74	151	CMV	CMV3	Edge	L1P	L1	Picris_echioides
41	209	PZSV	PZSV3	Edge	L2P	L2	Diplotaxis_sp
49	151	CMV	CMV3	Edge	L2P	L2	Fumaria_parviflora
58	209	PZSV	PZSV3	Edge	L2P	L2	Lactuca_serriola
78	151	CMV	CMV1	Edge	L2P	L2	Potentilla_sp
78	209	PZSV	PZSV3	Edge	L2P	L2	Potentilla_sp
21	209	PZSV	PZSV2	Edge	L3P	L3	Bromus_sp
40	117	AV1	AV1	Edge	L3P	L3	Diplotaxis_erucoides
40	178	LMV	LMV	Edge	L3P	L3	Diplotaxis_erucoides
40	223	ScaMV	ScaMV	Edge	L3P	L3	Diplotaxis_erucoides
71	131	BrYV	BrYV_ABJ	Edge	L3P	L3	Papaver_rhoeas
85	168	GMMV	GMMV1	Edge	L3P	L3	Scandix_pecten_veneris
22	231	TAV	TAV2	Edge	L4P	L4	Carduus_bourgeanus
22	231	TAV	TAV3	Edge	L4P	L4	Carduus_bourgeanus
53	207	PVYV	PVYV	Edge	L4P	L4	Hirschfeldia_incana
53	209	PZSV	PZSV3	Edge	L4P	L4	Hirschfeldia_incana
82	209	PZSV	PZSV3	Edge	L4P	L4	Rubia_peregrina
27	156	CtRLV	CtRLV	Edge	L1V	L1	Convolvulus_arvensis
27	217	RuCMV	RuCMV	Edge	L1V	L1	Convolvulus_arvensis
29	217	RuCMV	RuCMV	Edge	L2V	L2	Conyza_canadensis
62	231	TAV	TAV1	Edge	L2V	L2	Lolium_perenne
74	142	CABYV	CABYV	Edge	L2V	L2	Picris_echioides
74	151	CMV	CMV2	Edge	L2V	L2	Picris_echioides
82	151	CMV	CMV1	Edge	L2V	L2	Rubia_peregrina
87	151	CMV	CMV2	Edge	L2V	L2	Silybum_marianum
3	231	TAV	TAV1	Edge	L3V	L3	Anacyclus_clavatus
3	231	TAV	TAV3	Edge	L3V	L3	Anacyclus_clavatus
25	217	RuCMV	RuCMV	Edge	L3V	L3	Chenopodium_album
29	209	PZSV	PZSV3	Edge	L3V	L3	Conyza_canadensis
32	209	PZSV	PZSV3	Edge	L3V	L3	Cynodon_dactylon
74	217	RuCMV	RuCMV	Edge	L3V	L3	Picris_echioides
51	209	PZSV	PZSV3	Edge	L1P	L1	Geranium_sp
6	209	PZSV	PZSV2	Edge	L1F	L1	Anthriscus_caucalis
6	231	TAV	TAV1	Edge	L1F	L1	Anthriscus_caucalis
19	112	ALaV	ALaV2	Edge	L1F	L1	Brachypodium_retusum
19	151	CMV	CMV3	Edge	L1F	L1	Brachypodium_retusum
25	209	PZSV	PZSV2	Edge	L1F	L1	Chenopodium_album
27	203	PoLV	PoLV	Edge	L1F	L1	Convolvulus_arvensis
27	236	TMGMV	TMGMV	Edge	L1F	L1	Convolvulus_arvensis
28	209	PZSV	PZSV1	Edge	L1F	L1	Conyza_bonariensis
82	209	PZSV	PZSV1	Edge	L1F	L1	Rubia_peregrina
89	209	PZSV	PZSV1	Edge	L2F	L2	Solanum_nigrum
2	207	PVYV	PVYV	Edge	L3F	L3	Amaranthus_sp
27	198	PMMoV	PMMoV	Edge	L3F	L3	Convolvulus_arvensis
28	131	BrYV	BrYV_ABJ	Edge	L3F	L3	Conyza_bonariensis
28	151	CMV	CMV2	Edge	L3F	L3	Conyza_bonariensis
32	151	CMV	CMV3	Edge	L3F	L3	Cynodon_dactylon
32	236	TMGMV	TMGMV	Edge	L3F	L3	Cynodon_dactylon
36	209	PZSV	PZSV1	Edge	L3F	L3	Daucus_sp
40	133	BWYV	BWYV	Edge	L3F	L3	Diplotaxis_erucoides
40	151	CMV	CMV1	Edge	L3F	L3	Diplotaxis_erucoides
40	151	CMV	CMV3	Edge	L3F	L3	Diplotaxis_erucoides
46	142	CABYV	CABYV	Edge	L3F	L3	Eruca_vesicaria
46	198	PMMoV	PMMoV	Edge	L3F	L3	Eruca_vesicaria
105	151	CMV	CMV1	Edge	L3F	L3	Vicia_sp
105	258	WMV	WMV	Edge	L3F	L3	Vicia_sp
36	181	MDMV	MDMV	Edge	L4F	L4	Daucus_sp
83	209	PZSV	PZSV1	Edge	L4F	L4	Rumex_pulcher
45	151	CMV	CMV2	Edge	L4F	L4	Erodium_cicutarium
10	151	CMV	CMV2	Wasteland	E4F	E4	Asparagus_acutifolius
98	236	TMGMV	TMGMV	Wasteland	E4P	E4	Thapsia_villosa
59	234	TCV	TCV	Oak	Q2P	Q2	Leontodon_sp
59	237	TMV	TMV	Oak	Q2P	Q2	Leontodon_sp
55	138	BYDV_PAS	BYDV_PAS	Crop	H2P	H2	Hordeum_vulgare
55	135	BYDV_GPV	BYDV_GPV	Crop	H3P	H3	Hordeum_vulgare
55	217	RuCMV	RuCMV	Crop	H3P	H3	Hordeum_vulgare
74	236	TMGMV	TMGMV	Crop	Z2V	Z2	Picris_echioides
20	217	RuCMV	RuCMV	Crop	C1F	C1	Brassica_oleracea
20	217	RuCMV	RuCMV	Crop	C2F	C2	Brassica_oleracea
92	237	TMV	TMV	Oak	Q1P	Q1	Stipa_parviflora
55	260	WYDV	WYDV_GPV	Crop	H1P	H1	Hordeum_vulgare
22	161	DYVV	DYVV	Edge	L1V	L1	Carduus_bourgeanus
9	258	WMV	WMV	Oak	Q1F	Q1	Artemisia_herba_alba
57	258	WMV	WMV	Oak	Q1F	Q1	Jasminum_fruticans
80	258	WMV	WMV	Oak	Q1F	Q1	Quercus_ilex
31	151	CMV	CMV1	Crop	M3V	M3	Cucumis_melo
59	247	TuMV	TuMV	Wasteland	E4F	E4	Leontodon_sp
10	236	TMGMV	TMGMV	Oak	Q2F	Q2	Asparagus_acutifolius
10	237	TMV	TMV	Oak	Q2F	Q2	Asparagus_acutifolius
15	151	CMV	CMV2	Oak	Q3F	Q3	Avenula_bromoides
79	151	CMV	CMV3	Oak	Q3F	Q3	Quercus_coccifera
107	151	CMV	CMV1	Crop	Z2V	Z2	Zea_mays
35	151	CMV	CMV3	Crop	Z1V	Z1	Datura_stramonium
63	236	TMGMV	TMGMV	Oak	Q4P	Q4	Lotus_corniculatus
13	236	TMGMV	TMGMV	Oak	Q4P	Q4	Astragalus_incanus
13	236	TMGMV	TMGMV	Oak	Q4P	Q4	Astragalus_incanus
99	234	TCV	TCV	Oak	Q4P	Q4	Thymus_vulgaris
68	236	TMGMV	TMGMV	Oak	Q4P	Q4	Melilotus_sp
101	207	PVYV	PVYV	Wasteland	E4P	E4	Tragopogon_sp
31	151	CMV	CMV1	Crop	M8V	M4	Cucumis_melo
21	151	CMV	CMV3	Wasteland	E4F	E4	Bromus_sp
27	151	CMV	CMV2	Wasteland	E4F	E4	Convolvulus_arvensis
65	151	CMV	CMV2	Oak	Q1F	Q1	Marrubium_vulgare
5	112	ALaV	ALaV1	Oak	Q1P	Q1	Andryala_arenaria
69	151	CMV	CMV1	Edge	L2V	L2	Milium_vernale
94	258	WMV	WMV	Oak	Q2P	Q2	Teucrium_botrys
97	236	TMGMV	TMGMV	Oak	Q2P	Q2	Teucrium_pseudochamaepitys
24	231	TAV	TAV1	Oak	Q2P	Q2	Centranthus_calcitrapae
22	258	WMV	WMV	Oak	Q2P	Q2	Carduus_bourgeanus
21	168	GMMV	GMMV1	Edge	L1P	L1	Bromus_sp
21	209	PZSV	PZSV3	Edge	L1P	L1	Bromus_sp
36	131	BrYV	BrYV_ABJ	Edge	L1P	L1	Daucus_sp
36	209	PZSV	PZSV3	Edge	L1P	L1	Daucus_sp
40	209	PZSV	PZSV3	Edge	L1P	L1	Diplotaxis_erucoides
76	151	CMV	CMV2	Edge	L1P	L1	Poaceae
76	260	WYDV	WYDV_GPV	Edge	L1P	L1	Poaceae
60	151	CMV	CMV1	Edge	L1P	L1	Lepidium_draba
74	151	CMV	CMV1	Edge	L1P	L1	Picris_echioides
74	209	PZSV	PZSV3	Edge	L1P	L1	Picris_echioides
86	151	CMV	CMV1	Edge	L1P	L1	Senecio_jacobaea
86	151	CMV	CMV2	Edge	L1P	L1	Senecio_jacobaea
100	209	PZSV	PZSV2	Edge	L1P	L1	Torilis_nodosa
25	249	TuYV	TuYV	Edge	L2P	L2	Chenopodium_album
27	228	SPCSV	SPCSV2	Edge	L2P	L2	Convolvulus_arvensis
41	128	BMYV	BMYV	Edge	L2P	L2	Diplotaxis_sp
49	209	PZSV	PZSV3	Edge	L2P	L2	Fumaria_parviflora
62	236	TMGMV	TMGMV	Edge	L2P	L2	Lolium_perenne
78	209	PZSV	PZSV2	Edge	L2P	L2	Potentilla_sp
27	209	PZSV	PZSV1	Edge	L3P	L3	Convolvulus_arvensis
27	228	SPCSV	SPCSV2	Edge	L3P	L3	Convolvulus_arvensis
40	175	JGMV	JGMV	Edge	L3P	L3	Diplotaxis_erucoides
40	180	MABYV	MABYV	Edge	L3P	L3	Diplotaxis_erucoides
40	236	TMGMV	TMGMV	Edge	L3P	L3	Diplotaxis_erucoides
49	209	PZSV	PZSV2	Edge	L3P	L3	Fumaria_parviflora
49	249	TuYV	TuYV	Edge	L3P	L3	Fumaria_parviflora
60	187	OMMV	OMMV	Edge	L3P	L3	Lepidium_draba
60	209	PZSV	PZSV3	Edge	L3P	L3	Lepidium_draba
64	131	BrYV	BrYV_ABJ	Edge	L3P	L3	Malva_sylvestris
64	209	PZSV	PZSV3	Edge	L3P	L3	Malva_sylvestris
85	209	PZSV	PZSV2	Edge	L3P	L3	Scandix_pecten_veneris
85	209	PZSV	PZSV3	Edge	L3P	L3	Scandix_pecten_veneris
87	151	CMV	CMV1	Edge	L3P	L3	Silybum_marianum
6	209	PZSV	PZSV3	Edge	L4P	L4	Anthriscus_caucalis
8	209	PZSV	PZSV3	Edge	L4P	L4	Aristolochia_pistolochia
53	155	CpCSV	CpCSV	Edge	L4P	L4	Hirschfeldia_incana
82	249	TuYV	TuYV	Edge	L4P	L4	Rubia_peregrina
22	217	RuCMV	RuCMV	Edge	L1V	L1	Carduus_bourgeanus
25	209	PZSV	PZSV3	Edge	L1V	L1	Chenopodium_album
62	128	BMYV	BMYV	Edge	L1V	L1	Lolium_perenne
62	219	SaYV	SaYV	Edge	L1V	L1	Lolium_perenne
90	209	PZSV	PZSV3	Edge	L1V	L1	Sonchus_oleraceus
90	217	RuCMV	RuCMV	Edge	L1V	L1	Sonchus_oleraceus
25	198	PMMoV	PMMoV	Edge	L2V	L2	Chenopodium_album
25	209	PZSV	PZSV3	Edge	L2V	L2	Chenopodium_album
25	217	RuCMV	RuCMV	Edge	L2V	L2	Chenopodium_album
25	228	SPCSV	SPCSV1	Edge	L2V	L2	Chenopodium_album
29	146	CIRV	CIRV	Edge	L2V	L2	Conyza_canadensis
29	236	TMGMV	TMGMV	Edge	L2V	L2	Conyza_canadensis
50	151	CMV	CMV3	Edge	L2V	L2	Galium_verum
50	258	WMV	WMV	Edge	L2V	L2	Galium_verum
74	133	BWYV	BWYV	Edge	L2V	L2	Picris_echioides
87	151	CMV	CMV3	Edge	L2V	L2	Silybum_marianum
3	231	TAV	TAV2	Edge	L3V	L3	Anacyclus_clavatus
25	198	PMMoV	PMMoV	Edge	L3V	L3	Chenopodium_album
58	151	CMV	CMV2	Edge	L3V	L3	Lactuca_serriola
58	231	TAV	TAV1	Edge	L3V	L3	Lactuca_serriola
58	231	TAV	TAV2	Edge	L3V	L3	Lactuca_serriola
82	217	RuCMV	RuCMV	Edge	L1P	L1	Rubia_peregrina
1	151	CMV	CMV2	Edge	L2P	L2	Allium_sativum
1	217	RuCMV	RuCMV	Edge	L2P	L2	Allium_sativum
4	209	PZSV	PZSV3	Edge	L2P	L2	Anchusa_undulata
4	217	RuCMV	RuCMV	Edge	L2P	L2	Anchusa_undulata
71	151	CMV	CMV2	Edge	L2P	L2	Papaver_rhoeas
71	209	PZSV	PZSV3	Edge	L2P	L2	Papaver_rhoeas
71	217	RuCMV	RuCMV	Edge	L2P	L2	Papaver_rhoeas
2	133	BWYV	BWYV	Edge	L1F	L1	Amaranthus_sp
2	151	CMV	CMV2	Edge	L1F	L1	Amaranthus_sp
6	231	TAV	TAV2	Edge	L1F	L1	Anthriscus_caucalis
19	151	CMV	CMV1	Edge	L1F	L1	Brachypodium_retusum
19	151	CMV	CMV2	Edge	L1F	L1	Brachypodium_retusum
22	151	CMV	CMV3	Edge	L1F	L1	Carduus_bourgeanus
27	133	BWYV	BWYV	Edge	L1F	L1	Convolvulus_arvensis
27	209	PZSV	PZSV1	Edge	L1F	L1	Convolvulus_arvensis
32	237	TMV	TMV	Edge	L1F	L1	Cynodon_dactylon
58	243	ToMV	ToMV	Edge	L1F	L1	Lactuca_serriola
74	243	ToMV	ToMV	Edge	L1F	L1	Picris_echioides
2	151	CMV	CMV3	Edge	L3F	L3	Amaranthus_sp
2	191	PBMYV	PBMYV	Edge	L3F	L3	Amaranthus_sp
22	133	BWYV	BWYV	Edge	L3F	L3	Carduus_bourgeanus
22	151	CMV	CMV2	Edge	L3F	L3	Carduus_bourgeanus
32	151	CMV	CMV2	Edge	L3F	L3	Cynodon_dactylon
32	237	TMV	TMV	Edge	L3F	L3	Cynodon_dactylon
36	237	TMV	TMV	Edge	L3F	L3	Daucus_sp
40	198	PMMoV	PMMoV	Edge	L3F	L3	Diplotaxis_erucoides
46	151	CMV	CMV3	Edge	L3F	L3	Eruca_vesicaria
105	151	CMV	CMV3	Edge	L3F	L3	Vicia_sp
105	180	MABYV	MABYV	Edge	L3F	L3	Vicia_sp
27	199	PMoV	PMoV3	Edge	L4F	L4	Convolvulus_arvensis
40	209	PZSV	PZSV1	Edge	L4F	L4	Diplotaxis_erucoides
44	209	PZSV	PZSV1	Edge	L4F	L4	Echium_vulgare
83	199	PMoV	PMoV3	Edge	L4F	L4	Rumex_pulcher
102	209	PZSV	PZSV1	Edge	L4F	L4	Trifolium_campestre
45	198	PMMoV	PMMoV	Edge	L4F	L4	Erodium_cicutarium
12	209	PZSV	PZSV2	Wasteland	E2P	E2	Asteriscus_aquaticus
24	162	EMCV	EMCV	Wasteland	E2P	E2	Centranthus_calcitrapae
73	236	TMGMV	TMGMV	Wasteland	E2P	E2	Phlomis_lychnitis
54	151	CMV	CMV1	Wasteland	E3P	E3	Hordeum_matritense
34	112	ALaV	ALaV2	Wasteland	E4P	E4	Dactylis_glomerata
98	151	CMV	CMV3	Oak	Q2P	Q2	Thapsia_villosa
59	236	TMGMV	TMGMV	Oak	Q2P	Q2	Leontodon_sp
67	236	TMGMV	TMGMV	Oak	Q3P	Q3	Medicago_sp
55	231	TAV	TAV3	Crop	H2P	H2	Hordeum_vulgare
82	109	AEYV	AEYV	Crop	H3P	H3	Rubia_peregrina
82	155	CpCSV	CpCSV	Crop	H3P	H3	Rubia_peregrina
55	137	BYDV_MAV	BYDV_MAV	Crop	H3P	H3	Hordeum_vulgare
55	158	CYDV_RPV	CYDV_RPV	Crop	H3P	H3	Hordeum_vulgare
40	151	CMV	CMV2	Crop	M3V	M3	Diplotaxis_erucoides
74	151	CMV	CMV2	Crop	Z2V	Z2	Picris_echioides
20	217	RuCMV	RuCMV	Crop	C2F	C2	Brassica_oleracea
92	151	CMV	CMV1	Oak	Q1P	Q1	Stipa_parviflora
96	151	CMV	CMV2	Oak	Q2P	Q2	Teucrium_chamaedrys
22	221	SbMMoV	SbMMoV	Edge	L1V	L1	Carduus_bourgeanus
56	111	AhPV1	AhPV1	Oak	Q1P	Q1	Hypericum_pubescens
31	147	CLLV	CLLV	Crop	M1V	M1	Cucumis_melo
31	198	PMMoV	PMMoV	Crop	M1V	M1	Cucumis_melo
31	235	TelMV	TelMV	Crop	M1V	M1	Cucumis_melo
79	258	WMV	WMV	Oak	Q1F	Q1	Quercus_coccifera
31	166	FVY	FVY	Crop	M2V	M2	Cucumis_melo
31	172	IJGMV	IJGMV	Crop	M2V	M2	Cucumis_melo
31	235	TelMV	TelMV	Crop	M2V	M2	Cucumis_melo
31	147	CLLV	CLLV	Crop	M4V	M4	Cucumis_melo
31	259	WSMV	WSMV	Crop	M4V	M4	Cucumis_melo
93	151	CMV	CMV2	Wasteland	E4F	E4	Taraxacum_officinale
104	151	CMV	CMV3	Wasteland	E4F	E4	Verbascum_sinuatum
104	198	PMMoV	PMMoV	Wasteland	E4F	E4	Verbascum_sinuatum
82	198	PMMoV	PMMoV	Edge	L1V	L1	Rubia_peregrina
74	151	CMV	CMV2	Edge	L1V	L1	Picris_echioides
74	211	RheMV	RheMV	Edge	L1V	L1	Picris_echioides
74	217	RuCMV	RuCMV	Edge	L1V	L1	Picris_echioides
74	242	ToMMV	ToMMV	Edge	L1V	L1	Picris_echioides
69	151	CMV	CMV1	Edge	L1V	L1	Milium_vernale
27	151	CMV	CMV1	Edge	L2F	L2	Convolvulus_arvensis
27	204	PPV	PPV	Edge	L2F	L2	Convolvulus_arvensis
80	236	TMGMV	TMGMV	Oak	Q2F	Q2	Quercus_ilex
79	151	CMV	CMV2	Oak	Q3F	Q3	Quercus_coccifera
22	211	RheMV	RheMV	Crop	Z1V	Z1	Carduus_bourgeanus
106	217	RuCMV	RuCMV	Crop	Z1V	Z1	Xanthium_strumarium
63	198	PMMoV	PMMoV	Oak	Q4P	Q4	Lotus_corniculatus
99	236	TMGMV	TMGMV	Oak	Q4P	Q4	Thymus_vulgaris
81	262	YMV	YMV	Wasteland	E4P	E4	Reseda_lutea
31	141	CABMV	CABMV	Crop	M5V	M1	Cucumis_melo
31	236	TMGMV	TMGMV	Crop	M5V	M1	Cucumis_melo
31	261	YBMV	YBMV	Crop	M5V	M1	Cucumis_melo
31	263	YoMV	YoMV	Crop	M7V	M3	Cucumis_melo
31	198	PMMoV	PMMoV	Crop	M8V	M4	Cucumis_melo
40	234	TCV	TCV	Wasteland	E1F	E1	Diplotaxis_erucoides
75	263	YoMV	YoMV	Wasteland	E1F	E1	Plantago_sp
84	151	CMV	CMV3	Wasteland	E1F	E1	Salvia_verbenaca
93	217	RuCMV	RuCMV	Wasteland	E1F	E1	Taraxacum_officinale
59	151	CMV	CMV1	Wasteland	E2F	E2	Leontodon_sp
104	237	TMV	TMV	Wasteland	E2F	E2	Verbascum_sinuatum
21	112	ALaV	ALaV2	Wasteland	E4F	E4	Bromus_sp
21	236	TMGMV	TMGMV	Wasteland	E4F	E4	Bromus_sp
27	151	CMV	CMV1	Wasteland	E4F	E4	Convolvulus_arvensis
70	257	WMoV	WMoV	Oak	Q4F	Q4	Odontites_luteus
61	209	PZSV	PZSV1	Edge	L3V	L3	Lithospermum_arvense
95	151	CMV	CMV3	Oak	Q1P	Q1	Teucrium_capitatum
95	257	WMoV	WMoV	Oak	Q1P	Q1	Teucrium_capitatum
44	151	CMV	CMV1	Wasteland	E4P	E4	Echium_vulgare
5	112	ALaV	ALaV2	Oak	Q1P	Q1	Andryala_arenaria
65	198	PMMoV	PMMoV	Oak	Q1P	Q1	Marrubium_vulgare
50	194	PEMV1	PEMV1	Oak	Q4P	Q4	Galium_verum
4	222	SbMV	SbMV	Wasteland	E1F	E1	Anchusa_undulata
27	234	TCV	TCV	Edge	L2V	L2	Convolvulus_arvensis
74	233	TBSV	TBSV	Wasteland	E2F	E2	Picris_echioides
4	236	TMGMV	TMGMV	Wasteland	E2F	E2	Anchusa_undulata
11	151	CMV	CMV3	Oak	Q2P	Q2	Asphodelus_aestivus
11	258	WMV	WMV	Oak	Q2P	Q2	Asphodelus_aestivus
23	236	TMGMV	TMGMV	Oak	Q2P	Q2	Centaurea_melitensis
50	200	PNRSV	PNRSV3	Oak	Q2P	Q2	Galium_verum
79	234	TCV	TCV	Oak	Q2P	Q2	Quercus_coccifera
81	200	PNRSV	PNRSV3	Oak	Q2P	Q2	Reseda_lutea
81	237	TMV	TMV	Oak	Q2P	Q2	Reseda_lutea
97	151	CMV	CMV2	Oak	Q2P	Q2	Teucrium_pseudochamaepitys
97	151	CMV	CMV3	Oak	Q2P	Q2	Teucrium_pseudochamaepitys
24	236	TMGMV	TMGMV	Oak	Q2P	Q2	Centranthus_calcitrapae
22	112	ALaV	ALaV2	Oak	Q2P	Q2	Carduus_bourgeanus
91	232	TBRFV	TBRFV	Oak	Q2P	Q2	Staehelina_dubia
36	151	CMV	CMV2	Edge	L1P	L1	Daucus_sp
36	209	PZSV	PZSV2	Edge	L1P	L1	Daucus_sp
40	131	BrYV	BrYV_ABJ	Edge	L1P	L1	Diplotaxis_erucoides
76	151	CMV	CMV1	Edge	L1P	L1	Poaceae
59	168	GMMV	GMMV1	Edge	L1P	L1	Leontodon_sp
59	209	PZSV	PZSV2	Edge	L1P	L1	Leontodon_sp
74	128	BMYV	BMYV	Edge	L1P	L1	Picris_echioides
74	133	BWYV	BWYV	Edge	L1P	L1	Picris_echioides
74	249	TuYV	TuYV	Edge	L1P	L1	Picris_echioides
83	199	PMoV	PMoV3	Edge	L1P	L1	Rumex_pulcher
100	151	CMV	CMV1	Edge	L1P	L1	Torilis_nodosa
105	128	BMYV	BMYV	Edge	L1P	L1	Vicia_sp
105	151	CMV	CMV1	Edge	L1P	L1	Vicia_sp
105	151	CMV	CMV2	Edge	L1P	L1	Vicia_sp
21	209	PZSV	PZSV3	Edge	L2P	L2	Bromus_sp
22	209	PZSV	PZSV3	Edge	L2P	L2	Carduus_bourgeanus
22	217	RuCMV	RuCMV	Edge	L2P	L2	Carduus_bourgeanus
41	151	CMV	CMV1	Edge	L2P	L2	Diplotaxis_sp
41	151	CMV	CMV2	Edge	L2P	L2	Diplotaxis_sp
41	249	TuYV	TuYV	Edge	L2P	L2	Diplotaxis_sp
49	151	CMV	CMV1	Edge	L2P	L2	Fumaria_parviflora
49	209	PZSV	PZSV2	Edge	L2P	L2	Fumaria_parviflora
62	209	PZSV	PZSV2	Edge	L2P	L2	Lolium_perenne
62	209	PZSV	PZSV3	Edge	L2P	L2	Lolium_perenne
82	151	CMV	CMV2	Edge	L2P	L2	Rubia_peregrina
87	209	PZSV	PZSV2	Edge	L2P	L2	Silybum_marianum
87	237	TMV	TMV	Edge	L2P	L2	Silybum_marianum
21	236	TMGMV	TMGMV	Edge	L3P	L3	Bromus_sp
21	249	TuYV	TuYV	Edge	L3P	L3	Bromus_sp
27	151	CMV	CMV1	Edge	L3P	L3	Convolvulus_arvensis
27	151	CMV	CMV2	Edge	L3P	L3	Convolvulus_arvensis
27	236	TMGMV	TMGMV	Edge	L3P	L3	Convolvulus_arvensis
40	151	CMV	CMV1	Edge	L3P	L3	Diplotaxis_erucoides
40	207	PVYV	PVYV	Edge	L3P	L3	Diplotaxis_erucoides
40	251	TVDV	TVDV	Edge	L3P	L3	Diplotaxis_erucoides
49	131	BrYV	BrYV_ABJ	Edge	L3P	L3	Fumaria_parviflora
49	168	GMMV	GMMV3	Edge	L3P	L3	Fumaria_parviflora
49	236	TMGMV	TMGMV	Edge	L3P	L3	Fumaria_parviflora
60	202	PNV	PNV	Edge	L3P	L3	Lepidium_draba
64	249	TuYV	TuYV	Edge	L3P	L3	Malva_sylvestris
71	209	PZSV	PZSV1	Edge	L3P	L3	Papaver_rhoeas
71	236	TMGMV	TMGMV	Edge	L3P	L3	Papaver_rhoeas
87	209	PZSV	PZSV1	Edge	L3P	L3	Silybum_marianum
87	237	TMV	TMV	Edge	L3P	L3	Silybum_marianum
87	249	TuYV	TuYV	Edge	L3P	L3	Silybum_marianum
6	209	PZSV	PZSV2	Edge	L4P	L4	Anthriscus_caucalis
8	168	GMMV	GMMV1	Edge	L4P	L4	Aristolochia_pistolochia
8	234	TCV	TCV	Edge	L4P	L4	Aristolochia_pistolochia
18	209	PZSV	PZSV3	Edge	L4P	L4	Brachypodium_phoenicoides
22	199	PMoV	PMoV3	Edge	L4P	L4	Carduus_bourgeanus
22	209	PZSV	PZSV3	Edge	L4P	L4	Carduus_bourgeanus
27	199	PMoV	PMoV3	Edge	L4P	L4	Convolvulus_arvensis
49	168	GMMV	GMMV1	Edge	L4P	L4	Fumaria_parviflora
53	168	GMMV	GMMV1	Edge	L4P	L4	Hirschfeldia_incana
53	209	PZSV	PZSV2	Edge	L4P	L4	Hirschfeldia_incana
60	131	BrYV	BrYV_ABJ	Edge	L4P	L4	Lepidium_draba
82	168	GMMV	GMMV1	Edge	L4P	L4	Rubia_peregrina
82	199	PMoV	PMoV3	Edge	L4P	L4	Rubia_peregrina
82	209	PZSV	PZSV2	Edge	L4P	L4	Rubia_peregrina
27	209	PZSV	PZSV3	Edge	L1V	L1	Convolvulus_arvensis
29	156	CtRLV	CtRLV	Edge	L1V	L1	Conyza_canadensis
62	158	CYDV_RPV	CYDV_RPV	Edge	L1V	L1	Lolium_perenne
62	209	PZSV	PZSV3	Edge	L1V	L1	Lolium_perenne
4	133	BWYV	BWYV	Edge	L2V	L2	Anchusa_undulata
4	217	RuCMV	RuCMV	Edge	L2V	L2	Anchusa_undulata
25	228	SPCSV	SPCSV2	Edge	L2V	L2	Chenopodium_album
29	113	AMCV	AMCV	Edge	L2V	L2	Conyza_canadensis
29	151	CMV	CMV2	Edge	L2V	L2	Conyza_canadensis
29	167	GALV	GALV	Edge	L2V	L2	Conyza_canadensis
29	196	PLCV	PLCV	Edge	L2V	L2	Conyza_canadensis
29	198	PMMoV	PMMoV	Edge	L2V	L2	Conyza_canadensis
29	209	PZSV	PZSV3	Edge	L2V	L2	Conyza_canadensis
29	233	TBSV	TBSV	Edge	L2V	L2	Conyza_canadensis
29	237	TMV	TMV	Edge	L2V	L2	Conyza_canadensis
50	151	CMV	CMV1	Edge	L2V	L2	Galium_verum
50	151	CMV	CMV2	Edge	L2V	L2	Galium_verum
58	231	TAV	TAV3	Edge	L2V	L2	Lactuca_serriola
62	217	RuCMV	RuCMV	Edge	L2V	L2	Lolium_perenne
74	217	RuCMV	RuCMV	Edge	L2V	L2	Picris_echioides
74	231	TAV	TAV2	Edge	L2V	L2	Picris_echioides
74	237	TMV	TMV	Edge	L2V	L2	Picris_echioides
82	151	CMV	CMV3	Edge	L2V	L2	Rubia_peregrina
82	217	RuCMV	RuCMV	Edge	L2V	L2	Rubia_peregrina
82	258	WMV	WMV	Edge	L2V	L2	Rubia_peregrina
87	151	CMV	CMV1	Edge	L2V	L2	Silybum_marianum
87	209	PZSV	PZSV3	Edge	L2V	L2	Silybum_marianum
87	236	TMGMV	TMGMV	Edge	L2V	L2	Silybum_marianum
2	209	PZSV	PZSV3	Edge	L3V	L3	Amaranthus_sp
2	217	RuCMV	RuCMV	Edge	L3V	L3	Amaranthus_sp
3	209	PZSV	PZSV3	Edge	L3V	L3	Anacyclus_clavatus
29	209	PZSV	PZSV2	Edge	L3V	L3	Conyza_canadensis
58	151	CMV	CMV3	Edge	L3V	L3	Lactuca_serriola
89	217	RuCMV	RuCMV	Edge	L3V	L3	Solanum_nigrum
90	151	CMV	CMV1	Edge	L3V	L3	Sonchus_oleraceus
18	151	CMV	CMV1	Edge	L2V	L2	Brachypodium_phoenicoides
27	209	PZSV	PZSV1	Edge	L3V	L3	Convolvulus_arvensis
27	209	PZSV	PZSV2	Edge	L3V	L3	Convolvulus_arvensis
27	263	YoMV	YoMV	Edge	L3V	L3	Convolvulus_arvensis
51	217	RuCMV	RuCMV	Edge	L1P	L1	Geranium_sp
50	217	RuCMV	RuCMV	Edge	L2P	L2	Galium_verum
71	151	CMV	CMV1	Edge	L2P	L2	Papaver_rhoeas
71	151	CMV	CMV3	Edge	L2P	L2	Papaver_rhoeas
71	209	PZSV	PZSV2	Edge	L2P	L2	Papaver_rhoeas
74	209	PZSV	PZSV3	Edge	L2P	L2	Picris_echioides
74	217	RuCMV	RuCMV	Edge	L2P	L2	Picris_echioides
2	151	CMV	CMV3	Edge	L1F	L1	Amaranthus_sp
2	209	PZSV	PZSV1	Edge	L1F	L1	Amaranthus_sp
6	181	MDMV	MDMV	Edge	L1F	L1	Anthriscus_caucalis
6	231	TAV	TAV3	Edge	L1F	L1	Anthriscus_caucalis
6	237	TMV	TMV	Edge	L1F	L1	Anthriscus_caucalis
19	199	PMoV	PMoV1	Edge	L1F	L1	Brachypodium_retusum
19	243	ToMV	ToMV	Edge	L1F	L1	Brachypodium_retusum
22	151	CMV	CMV2	Edge	L1F	L1	Carduus_bourgeanus
22	181	MDMV	MDMV	Edge	L1F	L1	Carduus_bourgeanus
25	181	MDMV	MDMV	Edge	L1F	L1	Chenopodium_album
25	209	PZSV	PZSV1	Edge	L1F	L1	Chenopodium_album
28	258	WMV	WMV	Edge	L1F	L1	Conyza_bonariensis
40	209	PZSV	PZSV1	Edge	L1F	L1	Diplotaxis_erucoides
51	151	CMV	CMV1	Edge	L1F	L1	Geranium_sp
58	199	PMoV	PMoV3	Edge	L1F	L1	Lactuca_serriola
74	209	PZSV	PZSV1	Edge	L1F	L1	Picris_echioides
82	249	TuYV	TuYV	Edge	L1F	L1	Rubia_peregrina
83	133	BWYV	BWYV	Edge	L1F	L1	Rumex_pulcher
83	181	MDMV	MDMV	Edge	L1F	L1	Rumex_pulcher
32	133	BWYV	BWYV	Edge	L2F	L2	Cynodon_dactylon
89	151	CMV	CMV3	Edge	L2F	L2	Solanum_nigrum
89	263	YoMV	YoMV	Edge	L2F	L2	Solanum_nigrum
2	151	CMV	CMV2	Edge	L3F	L3	Amaranthus_sp
22	198	PMMoV	PMMoV	Edge	L3F	L3	Carduus_bourgeanus
27	120	BChV	BChV	Edge	L3F	L3	Convolvulus_arvensis
27	128	BMYV	BMYV	Edge	L3F	L3	Convolvulus_arvensis
28	236	TMGMV	TMGMV	Edge	L3F	L3	Conyza_bonariensis
32	199	PMoV	PMoV3	Edge	L3F	L3	Cynodon_dactylon
32	258	WMV	WMV	Edge	L3F	L3	Cynodon_dactylon
35	151	CMV	CMV1	Edge	L3F	L3	Datura_stramonium
36	151	CMV	CMV2	Edge	L3F	L3	Daucus_sp
46	199	PMoV	PMoV3	Edge	L3F	L3	Eruca_vesicaria
58	209	PZSV	PZSV1	Edge	L3F	L3	Lactuca_serriola
58	258	WMV	WMV	Edge	L3F	L3	Lactuca_serriola
87	181	MDMV	MDMV	Edge	L3F	L3	Silybum_marianum
87	249	TuYV	TuYV	Edge	L3F	L3	Silybum_marianum
105	151	CMV	CMV2	Edge	L3F	L3	Vicia_sp
26	199	PMoV	PMoV3	Edge	L4F	L4	Cirsium_arvense
36	151	CMV	CMV2	Edge	L4F	L4	Daucus_sp
36	199	PMoV	PMoV3	Edge	L4F	L4	Daucus_sp
36	209	PZSV	PZSV1	Edge	L4F	L4	Daucus_sp
60	133	BWYV	BWYV	Edge	L4F	L4	Lepidium_draba
60	209	PZSV	PZSV1	Edge	L4F	L4	Lepidium_draba
60	246	TSV	TSV2	Edge	L4F	L4	Lepidium_draba
62	151	CMV	CMV3	Edge	L4F	L4	Lolium_perenne
62	181	MDMV	MDMV	Edge	L4F	L4	Lolium_perenne
62	199	PMoV	PMoV3	Edge	L4F	L4	Lolium_perenne
72	199	PMoV	PMoV3	Edge	L4F	L4	Phalaris_minor
83	133	BWYV	BWYV	Edge	L4F	L4	Rumex_pulcher
87	181	MDMV	MDMV	Edge	L4F	L4	Silybum_marianum
87	209	PZSV	PZSV1	Edge	L4F	L4	Silybum_marianum
45	151	CMV	CMV3	Edge	L4F	L4	Erodium_cicutarium
45	199	PMoV	PMoV3	Edge	L4F	L4	Erodium_cicutarium
38	236	TMGMV	TMGMV	Wasteland	E3F	E3	Desconocida_5
12	236	TMGMV	TMGMV	Wasteland	E2P	E2	Asteriscus_aquaticus
24	153	CNV	CNV	Wasteland	E2P	E2	Centranthus_calcitrapae
24	170	HRV	HRV	Wasteland	E2P	E2	Centranthus_calcitrapae
54	231	TAV	TAV3	Wasteland	E3P	E3	Hordeum_matritense
34	247	TuMV	TuMV	Wasteland	E4P	E4	Dactylis_glomerata
98	237	TMV	TMV	Wasteland	E4P	E4	Thapsia_villosa
21	236	TMGMV	TMGMV	Oak	Q1P	Q1	Bromus_sp
54	236	TMGMV	TMGMV	Oak	Q1P	Q1	Hordeum_matritense
59	198	PMMoV	PMMoV	Oak	Q2P	Q2	Leontodon_sp
82	133	BWYV	BWYV	Oak	Q3P	Q3	Rubia_peregrina
82	209	PZSV	PZSV3	Oak	Q3P	Q3	Rubia_peregrina
55	231	TAV	TAV1	Crop	H2P	H2	Hordeum_vulgare
27	151	CMV	CMV3	Crop	H2P	H2	Convolvulus_arvensis
82	154	CP1	CP1	Crop	H3P	H3	Rubia_peregrina
55	134	BYDV_GAV	BYDV_GAV	Crop	H3P	H3	Hordeum_vulgare
55	151	CMV	CMV3	Crop	H3P	H3	Hordeum_vulgare
37	217	RuCMV	RuCMV	Crop	M4V	M4	Desconocida_4
40	237	TMV	TMV	Crop	Z1V	Z1	Diplotaxis_erucoides
74	151	CMV	CMV3	Crop	Z2V	Z2	Picris_echioides
74	231	TAV	TAV3	Crop	Z2V	Z2	Picris_echioides
74	217	RuCMV	RuCMV	Crop	C1F	C1	Picris_echioides
83	131	BrYV	BrYV_ABJ	Crop	C2F	C2	Rumex_pulcher
20	237	TMV	TMV	Crop	C2F	C2	Brassica_oleracea
43	236	TMGMV	TMGMV	Wasteland	E2F_E2P	E2	Dittrichia_viscosa
17	205	PSV	PSV3	Wasteland	E2P	E2	Borago_officinalis
55	136	BYDV_KerII	BYDV	Crop	H1P	H1	Hordeum_vulgare
55	136	BYDV_KerII	BYDV	Crop	H1P	H1	Hordeum_vulgare
107	243	ToMV	ToMV	Crop	Z1V	Z1	Zea_mays
40	143	CaMV	CaMV	Edge	L1F	L1	Diplotaxis_erucoides
31	150	CmEV	CmEV	Crop	M1V	M1	Cucumis_melo
40	216	RsCV3	RsCV3_1	Edge	L3P	L3	Diplotaxis_erucoides
40	123	BCTIV	BCTIV	Edge	L3V	L3	Diplotaxis_erucoides
90	123	BCTIV	BCTIV	Edge	L3V	L3	Sonchus_oleraceus
74	179	LYMoV	LYMoV	Edge	L1V	L1	Picris_echioides
104	213	RRV	RRV1	Wasteland	E2F	E2	Verbascum_sinuatum
29	179	LYMoV	LYMoV	Edge	L2V	L2	Conyza_canadensis
50	179	LYMoV	LYMoV	Edge	L2V	L2	Galium_verum
90	179	LYMoV	LYMoV	Edge	L3V	L3	Sonchus_oleraceus
88	163	EMDV	EMDV	Wasteland	E3F	E3	Sisymbrium_runcinatum
2	168	GMMV	GMMV1	Crop	M1V	M1	Amaranthus_sp
2	217	RuCMV	RuCMV	Crop	M1V	M1	Amaranthus_sp
27	203	PoLV	PoLV	Crop	M1V	M1	Convolvulus_arvensis
27	258	WMV	WMV	Crop	M1V	M1	Convolvulus_arvensis
31	238	TNSV	TNSV	Crop	M1V	M1	Cucumis_melo
33	141	CABMV	CABMV	Crop	M1V	M1	Cyperus_longus
33	151	CMV	CMV1	Crop	M1V	M1	Cyperus_longus
9	204	PPV	PPV	Oak	Q1F	Q1	Artemisia_herba_alba
57	151	CMV	CMV3	Oak	Q1F	Q1	Jasminum_fruticans
79	236	TMGMV	TMGMV	Oak	Q1F	Q1	Quercus_coccifera
31	238	TNSV	TNSV	Crop	M2V	M2	Cucumis_melo
31	261	YBMV	YBMV	Crop	M2V	M2	Cucumis_melo
31	198	PMMoV	PMMoV	Crop	M3V	M3	Cucumis_melo
31	209	PZSV	PZSV3	Crop	M3V	M3	Cucumis_melo
31	261	YBMV	YBMV	Crop	M1V	M1	Cucumis_melo
93	151	CMV	CMV1	Wasteland	E4F	E4	Taraxacum_officinale
93	211	RheMV	RheMV	Wasteland	E4F	E4	Taraxacum_officinale
93	243	ToMV	ToMV	Wasteland	E4F	E4	Taraxacum_officinale
59	243	ToMV	ToMV	Wasteland	E4F	E4	Leontodon_sp
104	151	CMV	CMV1	Wasteland	E4F	E4	Verbascum_sinuatum
104	151	CMV	CMV2	Wasteland	E4F	E4	Verbascum_sinuatum
104	247	TuMV	TuMV	Wasteland	E4F	E4	Verbascum_sinuatum
48	236	TMGMV	TMGMV	Wasteland	E4F	E4	Festuca_sp
82	181	MDMV	MDMV	Edge	L1V	L1	Rubia_peregrina
82	204	PPV	PPV	Edge	L1V	L1	Rubia_peregrina
82	211	RheMV	RheMV	Edge	L1V	L1	Rubia_peregrina
82	242	ToMMV	ToMMV	Edge	L1V	L1	Rubia_peregrina
74	198	PMMoV	PMMoV	Edge	L1V	L1	Picris_echioides
74	209	PZSV	PZSV3	Edge	L1V	L1	Picris_echioides
74	243	ToMV	ToMV	Edge	L1V	L1	Picris_echioides
69	129	BPeMV	BPeMV	Edge	L1V	L1	Milium_vernale
69	151	CMV	CMV2	Edge	L1V	L1	Milium_vernale
69	209	PZSV	PZSV3	Edge	L1V	L1	Milium_vernale
69	217	RuCMV	RuCMV	Edge	L1V	L1	Milium_vernale
69	242	ToMMV	ToMMV	Edge	L1V	L1	Milium_vernale
27	198	PMMoV	PMMoV	Edge	L2F	L2	Convolvulus_arvensis
27	211	RheMV	RheMV	Edge	L2F	L2	Convolvulus_arvensis
19	112	ALaV	ALaV2	Edge	L2F	L2	Brachypodium_retusum
19	151	CMV	CMV1	Edge	L2F	L2	Brachypodium_retusum
19	228	SPCSV	SPCSV2	Edge	L2F	L2	Brachypodium_retusum
19	232	TBRFV	TBRFV	Edge	L2F	L2	Brachypodium_retusum
2	258	WMV	WMV	Edge	L2F	L2	Amaranthus_sp
19	181	MDMV	MDMV	Edge	L4F	L4	Brachypodium_retusum
19	211	RheMV	RheMV	Edge	L4F	L4	Brachypodium_retusum
79	209	PZSV	PZSV2	Oak	Q2F	Q2	Quercus_coccifera
80	151	CMV	CMV1	Oak	Q2F	Q2	Quercus_ilex
80	151	CMV	CMV2	Oak	Q2F	Q2	Quercus_ilex
80	151	CMV	CMV3	Oak	Q2F	Q2	Quercus_ilex
80	237	TMV	TMV	Oak	Q2F	Q2	Quercus_ilex
10	151	CMV	CMV2	Oak	Q2F	Q2	Asparagus_acutifolius
10	209	PZSV	PZSV3	Oak	Q2F	Q2	Asparagus_acutifolius
15	151	CMV	CMV3	Oak	Q3F	Q3	Avenula_bromoides
15	237	TMV	TMV	Oak	Q3F	Q3	Avenula_bromoides
79	185	ObPV	ObPV	Oak	Q3F	Q3	Quercus_coccifera
79	232	TBRFV	TBRFV	Oak	Q3F	Q3	Quercus_coccifera
79	236	TMGMV	TMGMV	Oak	Q3F	Q3	Quercus_coccifera
79	242	ToMMV	ToMMV	Oak	Q3F	Q3	Quercus_coccifera
79	243	ToMV	ToMV	Oak	Q3F	Q3	Quercus_coccifera
79	247	TuMV	TuMV	Oak	Q3F	Q3	Quercus_coccifera
22	151	CMV	CMV3	Crop	Z1V	Z1	Carduus_bourgeanus
22	204	PPV	PPV	Crop	Z1V	Z1	Carduus_bourgeanus
22	209	PZSV	PZSV1	Crop	Z1V	Z1	Carduus_bourgeanus
22	209	PZSV	PZSV3	Crop	Z1V	Z1	Carduus_bourgeanus
22	243	ToMV	ToMV	Crop	Z1V	Z1	Carduus_bourgeanus
107	151	CMV	CMV3	Crop	Z2V	Z2	Zea_mays
107	217	RuCMV	RuCMV	Crop	Z2V	Z2	Zea_mays
107	265	ZYMV	ZYMV	Crop	Z2V	Z2	Zea_mays
37	151	CMV	CMV3	Crop	Z2V	Z2	Desconocida_4
37	236	TMGMV	TMGMV	Crop	Z2V	Z2	Desconocida_4
37	237	TMV	TMV	Crop	Z2V	Z2	Desconocida_4
35	151	CMV	CMV1	Crop	Z1V	Z1	Datura_stramonium
35	198	PMMoV	PMMoV	Crop	Z1V	Z1	Datura_stramonium
63	151	CMV	CMV1	Oak	Q4P	Q4	Lotus_corniculatus
63	181	MDMV	MDMV	Oak	Q4P	Q4	Lotus_corniculatus
63	237	TMV	TMV	Oak	Q4P	Q4	Lotus_corniculatus
63	258	WMV	WMV	Oak	Q4P	Q4	Lotus_corniculatus
13	198	PMMoV	PMMoV	Oak	Q4P	Q4	Astragalus_incanus
13	245	TSAMV	TSAMV	Oak	Q4P	Q4	Astragalus_incanus
13	151	CMV	CMV1	Oak	Q4P	Q4	Astragalus_incanus
13	193	PDV	PDV1	Oak	Q4P	Q4	Astragalus_incanus
13	234	TCV	TCV	Oak	Q4P	Q4	Astragalus_incanus
99	151	CMV	CMV3	Oak	Q4P	Q4	Thymus_vulgaris
99	234	TCV	TCV	Oak	Q4P	Q4	Thymus_vulgaris
99	263	YoMV	YoMV	Oak	Q4P	Q4	Thymus_vulgaris
101	198	PMMoV	PMMoV	Wasteland	E4P	E4	Tragopogon_sp
101	236	TMGMV	TMGMV	Wasteland	E4P	E4	Tragopogon_sp
81	208	PWV	PWV	Wasteland	E4P	E4	Reseda_lutea
81	236	TMGMV	TMGMV	Wasteland	E4P	E4	Reseda_lutea
31	265	ZYMV	ZYMV	Crop	M5V	M1	Cucumis_melo
31	217	RuCMV	RuCMV	Crop	M8V	M4	Cucumis_melo
40	151	CMV	CMV1	Wasteland	E1F	E1	Diplotaxis_erucoides
40	217	RuCMV	RuCMV	Wasteland	E1F	E1	Diplotaxis_erucoides
75	236	TMGMV	TMGMV	Wasteland	E1F	E1	Plantago_sp
39	127	BMV	BMV2	Wasteland	E1F	E1	Descurainia_sophia
39	237	TMV	TMV	Wasteland	E1F	E1	Descurainia_sophia
84	263	YoMV	YoMV	Wasteland	E1F	E1	Salvia_verbenaca
93	151	CMV	CMV3	Wasteland	E1F	E1	Taraxacum_officinale
59	151	CMV	CMV2	Wasteland	E2F	E2	Leontodon_sp
59	217	RuCMV	RuCMV	Wasteland	E2F	E2	Leontodon_sp
59	234	TCV	TCV	Wasteland	E2F	E2	Leontodon_sp
93	151	CMV	CMV2	Wasteland	E2F	E2	Taraxacum_officinale
93	236	TMGMV	TMGMV	Wasteland	E2F	E2	Taraxacum_officinale
93	237	TMV	TMV	Wasteland	E2F	E2	Taraxacum_officinale
93	263	YoMV	YoMV	Wasteland	E2F	E2	Taraxacum_officinale
104	142	CABYV	CABYV	Wasteland	E2F	E2	Verbascum_sinuatum
104	151	CMV	CMV2	Wasteland	E2F	E2	Verbascum_sinuatum
104	151	CMV	CMV3	Wasteland	E2F	E2	Verbascum_sinuatum
104	196	PLCV	PLCV	Wasteland	E2F	E2	Verbascum_sinuatum
104	258	WMV	WMV	Wasteland	E2F	E2	Verbascum_sinuatum
21	151	CMV	CMV1	Wasteland	E4F	E4	Bromus_sp
21	151	CMV	CMV2	Wasteland	E4F	E4	Bromus_sp
21	257	WMoV	WMoV	Wasteland	E4F	E4	Bromus_sp
27	151	CMV	CMV3	Wasteland	E4F	E4	Convolvulus_arvensis
27	211	RheMV	RheMV	Wasteland	E4F	E4	Convolvulus_arvensis
70	112	ALaV	ALaV1	Oak	Q4F	Q4	Odontites_luteus
70	198	PMMoV	PMMoV	Oak	Q4F	Q4	Odontites_luteus
70	248	TuVCV	TuVCV	Oak	Q4F	Q4	Odontites_luteus
61	239	TNVA	TNVA	Edge	L3V	L3	Lithospermum_arvense
61	240	TNVD	TNVD	Edge	L3V	L3	Lithospermum_arvense
65	151	CMV	CMV1	Oak	Q1F	Q1	Marrubium_vulgare
65	198	PMMoV	PMMoV	Oak	Q1F	Q1	Marrubium_vulgare
65	217	RuCMV	RuCMV	Oak	Q1F	Q1	Marrubium_vulgare
65	236	TMGMV	TMGMV	Oak	Q1F	Q1	Marrubium_vulgare
97	151	CMV	CMV3	Oak	Q1P	Q1	Teucrium_pseudochamaepitys
95	198	PMMoV	PMMoV	Oak	Q1P	Q1	Teucrium_capitatum
95	234	TCV	TCV	Oak	Q1P	Q1	Teucrium_capitatum
95	236	TMGMV	TMGMV	Oak	Q1P	Q1	Teucrium_capitatum
95	237	TMV	TMV	Oak	Q1P	Q1	Teucrium_capitatum
95	248	TuVCV	TuVCV	Oak	Q1P	Q1	Teucrium_capitatum
14	212	RMV	RMV	Wasteland	E4P	E4	Avena_sterilis
14	237	TMV	TMV	Wasteland	E4P	E4	Avena_sterilis
14	248	TuVCV	TuVCV	Wasteland	E4P	E4	Avena_sterilis
104	151	CMV	CMV3	Wasteland	E4P	E4	Verbascum_sinuatum
104	263	YoMV	YoMV	Wasteland	E4P	E4	Verbascum_sinuatum
44	151	CMV	CMV2	Wasteland	E4P	E4	Echium_vulgare
44	263	YoMV	YoMV	Wasteland	E4P	E4	Echium_vulgare
5	236	TMGMV	TMGMV	Oak	Q1P	Q1	Andryala_arenaria
5	263	YoMV	YoMV	Oak	Q1P	Q1	Andryala_arenaria
65	116	AMV	AMV2	Oak	Q1P	Q1	Marrubium_vulgare
65	145	CGMMV	CGMMV	Oak	Q1P	Q1	Marrubium_vulgare
65	151	CMV	CMV1	Oak	Q1P	Q1	Marrubium_vulgare
65	151	CMV	CMV3	Oak	Q1P	Q1	Marrubium_vulgare
65	247	TuMV	TuMV	Oak	Q1P	Q1	Marrubium_vulgare
65	263	YoMV	YoMV	Oak	Q1P	Q1	Marrubium_vulgare
4	151	CMV	CMV3	Wasteland	E1F	E1	Anchusa_undulata
56	112	ALaV	ALaV2	Oak	Q1P	Q1	Hypericum_pubescens
56	151	CMV	CMV1	Oak	Q1P	Q1	Hypericum_pubescens
56	151	CMV	CMV3	Oak	Q1P	Q1	Hypericum_pubescens
56	234	TCV	TCV	Oak	Q1P	Q1	Hypericum_pubescens
69	151	CMV	CMV2	Edge	L2V	L2	Milium_vernale
69	236	TMGMV	TMGMV	Edge	L2V	L2	Milium_vernale
69	237	TMV	TMV	Edge	L2V	L2	Milium_vernale
27	151	CMV	CMV2	Edge	L2V	L2	Convolvulus_arvensis
27	228	SPCSV	SPCSV2	Edge	L2V	L2	Convolvulus_arvensis
74	151	CMV	CMV1	Wasteland	E2F	E2	Picris_echioides
74	151	CMV	CMV3	Wasteland	E2F	E2	Picris_echioides
74	237	TMV	TMV	Wasteland	E2F	E2	Picris_echioides
4	234	TCV	TCV	Wasteland	E2F	E2	Anchusa_undulata
7	204	PPV	PPV	Oak	Q4P	Q4	Aphyllanthes_monspeliensis
10	211	RheMV	RheMV	Oak	Q2P	Q2	Asparagus_acutifolius
10	232	TBRFV	TBRFV	Oak	Q2P	Q2	Asparagus_acutifolius
10	243	ToMV	ToMV	Oak	Q2P	Q2	Asparagus_acutifolius
34	236	TMGMV	TMGMV	Oak	Q2P	Q2	Dactylis_glomerata
34	258	WMV	WMV	Oak	Q2P	Q2	Dactylis_glomerata
50	231	TAV	TAV1	Oak	Q2P	Q2	Galium_verum
50	231	TAV	TAV3	Oak	Q2P	Q2	Galium_verum
50	258	WMV	WMV	Oak	Q2P	Q2	Galium_verum
52	232	TBRFV	TBRFV	Oak	Q2P	Q2	Helichrysum_stoechas
79	112	ALaV	ALaV1	Oak	Q2P	Q2	Quercus_coccifera
79	237	TMV	TMV	Oak	Q2P	Q2	Quercus_coccifera
79	243	ToMV	ToMV	Oak	Q2P	Q2	Quercus_coccifera
79	247	TuMV	TuMV	Oak	Q2P	Q2	Quercus_coccifera
79	258	WMV	WMV	Oak	Q2P	Q2	Quercus_coccifera
80	234	TCV	TCV	Oak	Q2P	Q2	Quercus_ilex
81	258	WMV	WMV	Oak	Q2P	Q2	Reseda_lutea
94	198	PMMoV	PMMoV	Oak	Q2P	Q2	Teucrium_botrys
94	236	TMGMV	TMGMV	Oak	Q2P	Q2	Teucrium_botrys
97	258	WMV	WMV	Oak	Q2P	Q2	Teucrium_pseudochamaepitys
24	168	GMMV	GMMV1	Oak	Q2P	Q2	Centranthus_calcitrapae
22	112	ALaV	ALaV1	Oak	Q2P	Q2	Carduus_bourgeanus
22	231	TAV	TAV2	Oak	Q2P	Q2	Carduus_bourgeanus
22	234	TCV	TCV	Oak	Q2P	Q2	Carduus_bourgeanus
22	237	TMV	TMV	Oak	Q2P	Q2	Carduus_bourgeanus
91	125	BGLV	BGLV	Oak	Q2P	Q2	Staehelina_dubia
91	211	RheMV	RheMV	Oak	Q2P	Q2	Staehelina_dubia
21	139	BYDV_PAV	BYDV_PAV	Edge	L1P	L1	Bromus_sp
21	168	GMMV	GMMV3	Edge	L1P	L1	Bromus_sp
36	120	BChV	BChV	Edge	L1P	L1	Daucus_sp
36	128	BMYV	BMYV	Edge	L1P	L1	Daucus_sp
36	133	BWYV	BWYV	Edge	L1P	L1	Daucus_sp
36	151	CMV	CMV1	Edge	L1P	L1	Daucus_sp
40	151	CMV	CMV1	Edge	L1P	L1	Diplotaxis_erucoides
40	151	CMV	CMV2	Edge	L1P	L1	Diplotaxis_erucoides
40	249	TuYV	TuYV	Edge	L1P	L1	Diplotaxis_erucoides
76	199	PMoV	PMoV3	Edge	L1P	L1	Poaceae
76	237	TMV	TMV	Edge	L1P	L1	Poaceae
58	133	BWYV	BWYV	Edge	L1P	L1	Lactuca_serriola
58	209	PZSV	PZSV2	Edge	L1P	L1	Lactuca_serriola
58	249	TuYV	TuYV	Edge	L1P	L1	Lactuca_serriola
59	168	GMMV	GMMV3	Edge	L1P	L1	Leontodon_sp
59	199	PMoV	PMoV3	Edge	L1P	L1	Leontodon_sp
59	237	TMV	TMV	Edge	L1P	L1	Leontodon_sp
60	151	CMV	CMV2	Edge	L1P	L1	Lepidium_draba
60	199	PMoV	PMoV3	Edge	L1P	L1	Lepidium_draba
74	120	BChV	BChV	Edge	L1P	L1	Picris_echioides
74	209	PZSV	PZSV2	Edge	L1P	L1	Picris_echioides
83	133	BWYV	BWYV	Edge	L1P	L1	Rumex_pulcher
83	236	TMGMV	TMGMV	Edge	L1P	L1	Rumex_pulcher
83	249	TuYV	TuYV	Edge	L1P	L1	Rumex_pulcher
64	209	PZSV	PZSV3	Edge	L1P	L1	Malva_sylvestris
86	209	PZSV	PZSV3	Edge	L1P	L1	Senecio_jacobaea
87	151	CMV	CMV2	Edge	L1P	L1	Silybum_marianum
87	199	PMoV	PMoV3	Edge	L1P	L1	Silybum_marianum
87	209	PZSV	PZSV2	Edge	L1P	L1	Silybum_marianum
87	209	PZSV	PZSV3	Edge	L1P	L1	Silybum_marianum
87	236	TMGMV	TMGMV	Edge	L1P	L1	Silybum_marianum
100	131	BrYV	BrYV_ABJ	Edge	L1P	L1	Torilis_nodosa
100	134	BYDV_GAV	BYDV_GAV	Edge	L1P	L1	Torilis_nodosa
100	199	PMoV	PMoV3	Edge	L1P	L1	Torilis_nodosa
100	209	PZSV	PZSV1	Edge	L1P	L1	Torilis_nodosa
105	120	BChV	BChV	Edge	L1P	L1	Vicia_sp
105	131	BrYV	BrYV_ABJ	Edge	L1P	L1	Vicia_sp
105	133	BWYV	BWYV	Edge	L1P	L1	Vicia_sp
105	209	PZSV	PZSV2	Edge	L1P	L1	Vicia_sp
105	231	TAV	TAV1	Edge	L1P	L1	Vicia_sp
105	249	TuYV	TuYV	Edge	L1P	L1	Vicia_sp
21	131	BrYV	BrYV_ABJ	Edge	L2P	L2	Bromus_sp
21	205	PSV	PSV1	Edge	L2P	L2	Bromus_sp
21	209	PZSV	PZSV2	Edge	L2P	L2	Bromus_sp
21	249	TuYV	TuYV	Edge	L2P	L2	Bromus_sp
22	199	PMoV	PMoV3	Edge	L2P	L2	Carduus_bourgeanus
22	231	TAV	TAV1	Edge	L2P	L2	Carduus_bourgeanus
25	209	PZSV	PZSV1	Edge	L2P	L2	Chenopodium_album
25	237	TMV	TMV	Edge	L2P	L2	Chenopodium_album
25	243	ToMV	ToMV	Edge	L2P	L2	Chenopodium_album
25	247	TuMV	TuMV	Edge	L2P	L2	Chenopodium_album
27	209	PZSV	PZSV2	Edge	L2P	L2	Convolvulus_arvensis
27	249	TuYV	TuYV	Edge	L2P	L2	Convolvulus_arvensis
41	120	BChV	BChV	Edge	L2P	L2	Diplotaxis_sp
41	131	BrYV	BrYV_ABJ	Edge	L2P	L2	Diplotaxis_sp
41	133	BWYV	BWYV	Edge	L2P	L2	Diplotaxis_sp
41	209	PZSV	PZSV1	Edge	L2P	L2	Diplotaxis_sp
41	209	PZSV	PZSV2	Edge	L2P	L2	Diplotaxis_sp
41	231	TAV	TAV1	Edge	L2P	L2	Diplotaxis_sp
39	151	CMV	CMV1	Edge	L2P	L2	Descurainia_sophia
39	151	CMV	CMV2	Edge	L2P	L2	Descurainia_sophia
39	209	PZSV	PZSV1	Edge	L2P	L2	Descurainia_sophia
39	209	PZSV	PZSV2	Edge	L2P	L2	Descurainia_sophia
39	209	PZSV	PZSV3	Edge	L2P	L2	Descurainia_sophia
49	151	CMV	CMV2	Edge	L2P	L2	Fumaria_parviflora
49	199	PMoV	PMoV3	Edge	L2P	L2	Fumaria_parviflora
49	231	TAV	TAV1	Edge	L2P	L2	Fumaria_parviflora
58	168	GMMV	GMMV1	Edge	L2P	L2	Lactuca_serriola
58	258	WMV	WMV	Edge	L2P	L2	Lactuca_serriola
62	131	BrYV	BrYV_ABJ	Edge	L2P	L2	Lolium_perenne
78	231	TAV	TAV1	Edge	L2P	L2	Potentilla_sp
78	236	TMGMV	TMGMV	Edge	L2P	L2	Potentilla_sp
82	133	BWYV	BWYV	Edge	L2P	L2	Rubia_peregrina
82	209	PZSV	PZSV1	Edge	L2P	L2	Rubia_peregrina
82	247	TuMV	TuMV	Edge	L2P	L2	Rubia_peregrina
82	258	WMV	WMV	Edge	L2P	L2	Rubia_peregrina
87	151	CMV	CMV1	Edge	L2P	L2	Silybum_marianum
87	151	CMV	CMV2	Edge	L2P	L2	Silybum_marianum
87	199	PMoV	PMoV3	Edge	L2P	L2	Silybum_marianum
21	131	BrYV	BrYV_ABJ	Edge	L3P	L3	Bromus_sp
21	168	GMMV	GMMV1	Edge	L3P	L3	Bromus_sp
21	209	PZSV	PZSV1	Edge	L3P	L3	Bromus_sp
27	131	BrYV	BrYV_ABJ	Edge	L3P	L3	Convolvulus_arvensis
27	247	TuMV	TuMV	Edge	L3P	L3	Convolvulus_arvensis
27	258	WMV	WMV	Edge	L3P	L3	Convolvulus_arvensis
40	188	PABYV	PABYV	Edge	L3P	L3	Diplotaxis_erucoides
40	191	PBMYV	PBMYV	Edge	L3P	L3	Diplotaxis_erucoides
40	218	SABYV	SABYV	Edge	L3P	L3	Diplotaxis_erucoides
40	231	TAV	TAV1	Edge	L3P	L3	Diplotaxis_erucoides
49	168	GMMV	GMMV1	Edge	L3P	L3	Fumaria_parviflora
49	198	PMMoV	PMMoV	Edge	L3P	L3	Fumaria_parviflora
49	209	PZSV	PZSV1	Edge	L3P	L3	Fumaria_parviflora
60	199	PMoV	PMoV3	Edge	L3P	L3	Lepidium_draba
60	209	PZSV	PZSV2	Edge	L3P	L3	Lepidium_draba
60	249	TuYV	TuYV	Edge	L3P	L3	Lepidium_draba
64	120	BChV	BChV	Edge	L3P	L3	Malva_sylvestris
64	128	BMYV	BMYV	Edge	L3P	L3	Malva_sylvestris
64	133	BWYV	BWYV	Edge	L3P	L3	Malva_sylvestris
64	168	GMMV	GMMV1	Edge	L3P	L3	Malva_sylvestris
64	199	PMoV	PMoV3	Edge	L3P	L3	Malva_sylvestris
64	209	PZSV	PZSV1	Edge	L3P	L3	Malva_sylvestris
64	209	PZSV	PZSV2	Edge	L3P	L3	Malva_sylvestris
64	247	TuMV	TuMV	Edge	L3P	L3	Malva_sylvestris
71	144	CCFV	CCFV	Edge	L3P	L3	Papaver_rhoeas
71	199	PMoV	PMoV3	Edge	L3P	L3	Papaver_rhoeas
71	209	PZSV	PZSV2	Edge	L3P	L3	Papaver_rhoeas
71	211	RheMV	RheMV	Edge	L3P	L3	Papaver_rhoeas
71	222	SbMV	SbMV	Edge	L3P	L3	Papaver_rhoeas
71	231	TAV	TAV1	Edge	L3P	L3	Papaver_rhoeas
71	231	TAV	TAV3	Edge	L3P	L3	Papaver_rhoeas
71	249	TuYV	TuYV	Edge	L3P	L3	Papaver_rhoeas
85	120	BChV	BChV	Edge	L3P	L3	Scandix_pecten_veneris
85	199	PMoV	PMoV1	Edge	L3P	L3	Scandix_pecten_veneris
85	209	PZSV	PZSV1	Edge	L3P	L3	Scandix_pecten_veneris
85	228	SPCSV	SPCSV1	Edge	L3P	L3	Scandix_pecten_veneris
85	249	TuYV	TuYV	Edge	L3P	L3	Scandix_pecten_veneris
87	120	BChV	BChV	Edge	L3P	L3	Silybum_marianum
87	133	BWYV	BWYV	Edge	L3P	L3	Silybum_marianum
87	151	CMV	CMV2	Edge	L3P	L3	Silybum_marianum
87	236	TMGMV	TMGMV	Edge	L3P	L3	Silybum_marianum
6	122	BCRV	BCRV1	Edge	L4P	L4	Anthriscus_caucalis
6	128	BMYV	BMYV	Edge	L4P	L4	Anthriscus_caucalis
6	131	BrYV	BrYV_ABJ	Edge	L4P	L4	Anthriscus_caucalis
6	168	GMMV	GMMV1	Edge	L4P	L4	Anthriscus_caucalis
8	199	PMoV	PMoV3	Edge	L4P	L4	Aristolochia_pistolochia
8	209	PZSV	PZSV2	Edge	L4P	L4	Aristolochia_pistolochia
8	249	TuYV	TuYV	Edge	L4P	L4	Aristolochia_pistolochia
18	168	GMMV	GMMV1	Edge	L4P	L4	Brachypodium_phoenicoides
18	209	PZSV	PZSV2	Edge	L4P	L4	Brachypodium_phoenicoides
18	249	TuYV	TuYV	Edge	L4P	L4	Brachypodium_phoenicoides
22	209	PZSV	PZSV2	Edge	L4P	L4	Carduus_bourgeanus
27	209	PZSV	PZSV2	Edge	L4P	L4	Convolvulus_arvensis
49	168	GMMV	GMMV3	Edge	L4P	L4	Fumaria_parviflora
49	209	PZSV	PZSV2	Edge	L4P	L4	Fumaria_parviflora
53	183	MYDV	MYDV	Edge	L4P	L4	Hirschfeldia_incana
53	199	PMoV	PMoV1	Edge	L4P	L4	Hirschfeldia_incana
53	209	PZSV	PZSV1	Edge	L4P	L4	Hirschfeldia_incana
60	133	BWYV	BWYV	Edge	L4P	L4	Lepidium_draba
60	209	PZSV	PZSV2	Edge	L4P	L4	Lepidium_draba
60	236	TMGMV	TMGMV	Edge	L4P	L4	Lepidium_draba
60	246	TSV	TSV2	Edge	L4P	L4	Lepidium_draba
60	249	TuYV	TuYV	Edge	L4P	L4	Lepidium_draba
82	120	BChV	BChV	Edge	L4P	L4	Rubia_peregrina
82	128	BMYV	BMYV	Edge	L4P	L4	Rubia_peregrina
82	131	BrYV	BrYV_ABJ	Edge	L4P	L4	Rubia_peregrina
22	109	AEYV	AEYV	Edge	L1V	L1	Carduus_bourgeanus
22	173	IYMoV1	IYMoV1	Edge	L1V	L1	Carduus_bourgeanus
22	209	PZSV	PZSV3	Edge	L1V	L1	Carduus_bourgeanus
27	151	CMV	CMV3	Edge	L1V	L1	Convolvulus_arvensis
29	209	PZSV	PZSV3	Edge	L1V	L1	Conyza_canadensis
62	151	CMV	CMV1	Edge	L1V	L1	Lolium_perenne
62	218	SABYV	SABYV	Edge	L1V	L1	Lolium_perenne
62	237	TMV	TMV	Edge	L1V	L1	Lolium_perenne
62	258	WMV	WMV	Edge	L1V	L1	Lolium_perenne
62	260	WYDV	WYDV_GPV	Edge	L1V	L1	Lolium_perenne
90	151	CMV	CMV1	Edge	L1V	L1	Sonchus_oleraceus
4	209	PZSV	PZSV1	Edge	L2V	L2	Anchusa_undulata
4	218	SABYV	SABYV	Edge	L2V	L2	Anchusa_undulata
22	151	CMV	CMV2	Edge	L2V	L2	Carduus_bourgeanus
22	209	PZSV	PZSV1	Edge	L2V	L2	Carduus_bourgeanus
22	209	PZSV	PZSV3	Edge	L2V	L2	Carduus_bourgeanus
25	151	CMV	CMV3	Edge	L2V	L2	Chenopodium_album
25	236	TMGMV	TMGMV	Edge	L2V	L2	Chenopodium_album
25	258	WMV	WMV	Edge	L2V	L2	Chenopodium_album
29	151	CMV	CMV1	Edge	L2V	L2	Conyza_canadensis
29	151	CMV	CMV3	Edge	L2V	L2	Conyza_canadensis
50	198	PMMoV	PMMoV	Edge	L2V	L2	Galium_verum
50	209	PZSV	PZSV1	Edge	L2V	L2	Galium_verum
50	209	PZSV	PZSV2	Edge	L2V	L2	Galium_verum
50	232	TBRFV	TBRFV	Edge	L2V	L2	Galium_verum
50	236	TMGMV	TMGMV	Edge	L2V	L2	Galium_verum
58	151	CMV	CMV2	Edge	L2V	L2	Lactuca_serriola
58	155	CpCSV	CpCSV	Edge	L2V	L2	Lactuca_serriola
58	180	MABYV	MABYV	Edge	L2V	L2	Lactuca_serriola
58	188	PABYV	PABYV	Edge	L2V	L2	Lactuca_serriola
58	198	PMMoV	PMMoV	Edge	L2V	L2	Lactuca_serriola
58	218	SABYV	SABYV	Edge	L2V	L2	Lactuca_serriola
58	231	TAV	TAV1	Edge	L2V	L2	Lactuca_serriola
58	236	TMGMV	TMGMV	Edge	L2V	L2	Lactuca_serriola
58	237	TMV	TMV	Edge	L2V	L2	Lactuca_serriola
58	245	TSAMV	TSAMV	Edge	L2V	L2	Lactuca_serriola
62	151	CMV	CMV3	Edge	L2V	L2	Lolium_perenne
62	234	TCV	TCV	Edge	L2V	L2	Lolium_perenne
74	128	BMYV	BMYV	Edge	L2V	L2	Picris_echioides
74	148	CLRDV	CLRDV	Edge	L2V	L2	Picris_echioides
74	151	CMV	CMV1	Edge	L2V	L2	Picris_echioides
74	157	CYDV_RPS	CYDV_RPS	Edge	L2V	L2	Picris_echioides
74	209	PZSV	PZSV3	Edge	L2V	L2	Picris_echioides
74	231	TAV	TAV3	Edge	L2V	L2	Picris_echioides
74	249	TuYV	TuYV	Edge	L2V	L2	Picris_echioides
74	264	YSV	YSV	Edge	L2V	L2	Picris_echioides
82	151	CMV	CMV2	Edge	L2V	L2	Rubia_peregrina
82	222	SbMV	SbMV	Edge	L2V	L2	Rubia_peregrina
82	237	TMV	TMV	Edge	L2V	L2	Rubia_peregrina
2	258	WMV	WMV	Edge	L3V	L3	Amaranthus_sp
3	151	CMV	CMV1	Edge	L3V	L3	Anacyclus_clavatus
3	209	PZSV	PZSV1	Edge	L3V	L3	Anacyclus_clavatus
16	222	SbMV	SbMV	Edge	L3V	L3	Bassia_scoparia
29	209	PZSV	PZSV1	Edge	L3V	L3	Conyza_canadensis
29	211	RheMV	RheMV	Edge	L3V	L3	Conyza_canadensis
32	217	RuCMV	RuCMV	Edge	L3V	L3	Cynodon_dactylon
32	236	TMGMV	TMGMV	Edge	L3V	L3	Cynodon_dactylon
40	151	CMV	CMV1	Edge	L3V	L3	Diplotaxis_erucoides
40	151	CMV	CMV2	Edge	L3V	L3	Diplotaxis_erucoides
40	217	RuCMV	RuCMV	Edge	L3V	L3	Diplotaxis_erucoides
58	109	AEYV	AEYV	Edge	L3V	L3	Lactuca_serriola
58	209	PZSV	PZSV1	Edge	L3V	L3	Lactuca_serriola
58	217	RuCMV	RuCMV	Edge	L3V	L3	Lactuca_serriola
58	231	TAV	TAV3	Edge	L3V	L3	Lactuca_serriola
58	258	WMV	WMV	Edge	L3V	L3	Lactuca_serriola
74	151	CMV	CMV2	Edge	L3V	L3	Picris_echioides
74	198	PMMoV	PMMoV	Edge	L3V	L3	Picris_echioides
74	209	PZSV	PZSV3	Edge	L3V	L3	Picris_echioides
87	151	CMV	CMV2	Edge	L3V	L3	Silybum_marianum
87	180	MABYV	MABYV	Edge	L3V	L3	Silybum_marianum
87	209	PZSV	PZSV2	Edge	L3V	L3	Silybum_marianum
87	217	RuCMV	RuCMV	Edge	L3V	L3	Silybum_marianum
89	209	PZSV	PZSV2	Edge	L3V	L3	Solanum_nigrum
18	198	PMMoV	PMMoV	Edge	L2V	L2	Brachypodium_phoenicoides
18	217	RuCMV	RuCMV	Edge	L2V	L2	Brachypodium_phoenicoides
27	217	RuCMV	RuCMV	Edge	L3V	L3	Convolvulus_arvensis
82	151	CMV	CMV3	Edge	L1P	L1	Rubia_peregrina
82	158	CYDV_RPV	CYDV_RPV	Edge	L1P	L1	Rubia_peregrina
82	236	TMGMV	TMGMV	Edge	L1P	L1	Rubia_peregrina
1	209	PZSV	PZSV2	Edge	L2P	L2	Allium_sativum
50	154	CP1	CP1	Edge	L2P	L2	Galium_verum
50	209	PZSV	PZSV3	Edge	L2P	L2	Galium_verum
74	209	PZSV	PZSV1	Edge	L2P	L2	Picris_echioides
74	209	PZSV	PZSV2	Edge	L2P	L2	Picris_echioides
2	151	CMV	CMV1	Edge	L1F	L1	Amaranthus_sp
2	181	MDMV	MDMV	Edge	L1F	L1	Amaranthus_sp
2	199	PMoV	PMoV3	Edge	L1F	L1	Amaranthus_sp
2	232	TBRFV	TBRFV	Edge	L1F	L1	Amaranthus_sp
2	236	TMGMV	TMGMV	Edge	L1F	L1	Amaranthus_sp
6	133	BWYV	BWYV	Edge	L1F	L1	Anthriscus_caucalis
19	133	BWYV	BWYV	Edge	L1F	L1	Brachypodium_retusum
19	236	TMGMV	TMGMV	Edge	L1F	L1	Brachypodium_retusum
19	237	TMV	TMV	Edge	L1F	L1	Brachypodium_retusum
22	230	SrMV	SrMV	Edge	L1F	L1	Carduus_bourgeanus
25	112	ALaV	ALaV1	Edge	L1F	L1	Chenopodium_album
25	120	BChV	BChV	Edge	L1F	L1	Chenopodium_album
25	128	BMYV	BMYV	Edge	L1F	L1	Chenopodium_album
25	131	BrYV	BrYV_ABJ	Edge	L1F	L1	Chenopodium_album
25	133	BWYV	BWYV	Edge	L1F	L1	Chenopodium_album
25	198	PMMoV	PMMoV	Edge	L1F	L1	Chenopodium_album
25	199	PMoV	PMoV2	Edge	L1F	L1	Chenopodium_album
25	232	TBRFV	TBRFV	Edge	L1F	L1	Chenopodium_album
25	249	TuYV	TuYV	Edge	L1F	L1	Chenopodium_album
27	120	BChV	BChV	Edge	L1F	L1	Convolvulus_arvensis
27	128	BMYV	BMYV	Edge	L1F	L1	Convolvulus_arvensis
27	131	BrYV	BrYV_ABJ	Edge	L1F	L1	Convolvulus_arvensis
27	149	CLSV	CLSV	Edge	L1F	L1	Convolvulus_arvensis
27	151	CMV	CMV3	Edge	L1F	L1	Convolvulus_arvensis
27	206	PVY	PVY	Edge	L1F	L1	Convolvulus_arvensis
27	243	ToMV	ToMV	Edge	L1F	L1	Convolvulus_arvensis
27	249	TuYV	TuYV	Edge	L1F	L1	Convolvulus_arvensis
28	133	BWYV	BWYV	Edge	L1F	L1	Conyza_bonariensis
28	151	CMV	CMV3	Edge	L1F	L1	Conyza_bonariensis
28	181	MDMV	MDMV	Edge	L1F	L1	Conyza_bonariensis
28	199	PMoV	PMoV1	Edge	L1F	L1	Conyza_bonariensis
32	151	CMV	CMV1	Edge	L1F	L1	Cynodon_dactylon
32	151	CMV	CMV3	Edge	L1F	L1	Cynodon_dactylon
32	209	PZSV	PZSV1	Edge	L1F	L1	Cynodon_dactylon
32	232	TBRFV	TBRFV	Edge	L1F	L1	Cynodon_dactylon
32	243	ToMV	ToMV	Edge	L1F	L1	Cynodon_dactylon
40	151	CMV	CMV3	Edge	L1F	L1	Diplotaxis_erucoides
40	181	MDMV	MDMV	Edge	L1F	L1	Diplotaxis_erucoides
40	199	PMoV	PMoV3	Edge	L1F	L1	Diplotaxis_erucoides
40	204	PPV	PPV	Edge	L1F	L1	Diplotaxis_erucoides
51	243	ToMV	ToMV	Edge	L1F	L1	Geranium_sp
58	133	BWYV	BWYV	Edge	L1F	L1	Lactuca_serriola
58	181	MDMV	MDMV	Edge	L1F	L1	Lactuca_serriola
58	209	PZSV	PZSV1	Edge	L1F	L1	Lactuca_serriola
58	242	ToMMV	ToMMV	Edge	L1F	L1	Lactuca_serriola
74	133	BWYV	BWYV	Edge	L1F	L1	Picris_echioides
74	181	MDMV	MDMV	Edge	L1F	L1	Picris_echioides
74	258	WMV	WMV	Edge	L1F	L1	Picris_echioides
82	145	CGMMV	CGMMV	Edge	L1F	L1	Rubia_peregrina
82	181	MDMV	MDMV	Edge	L1F	L1	Rubia_peregrina
82	236	TMGMV	TMGMV	Edge	L1F	L1	Rubia_peregrina
82	243	ToMV	ToMV	Edge	L1F	L1	Rubia_peregrina
83	199	PMoV	PMoV1	Edge	L1F	L1	Rumex_pulcher
83	199	PMoV	PMoV3	Edge	L1F	L1	Rumex_pulcher
83	247	TuMV	TuMV	Edge	L1F	L1	Rumex_pulcher
83	249	TuYV	TuYV	Edge	L1F	L1	Rumex_pulcher
32	112	ALaV	ALaV1	Edge	L2F	L2	Cynodon_dactylon
32	151	CMV	CMV3	Edge	L2F	L2	Cynodon_dactylon
32	181	MDMV	MDMV	Edge	L2F	L2	Cynodon_dactylon
32	199	PMoV	PMoV1	Edge	L2F	L2	Cynodon_dactylon
32	209	PZSV	PZSV1	Edge	L2F	L2	Cynodon_dactylon
32	231	TAV	TAV1	Edge	L2F	L2	Cynodon_dactylon
32	231	TAV	TAV2	Edge	L2F	L2	Cynodon_dactylon
32	231	TAV	TAV3	Edge	L2F	L2	Cynodon_dactylon
32	249	TuYV	TuYV	Edge	L2F	L2	Cynodon_dactylon
89	120	BChV	BChV	Edge	L2F	L2	Solanum_nigrum
89	128	BMYV	BMYV	Edge	L2F	L2	Solanum_nigrum
89	131	BrYV	BrYV_ABJ	Edge	L2F	L2	Solanum_nigrum
89	199	PMoV	PMoV3	Edge	L2F	L2	Solanum_nigrum
89	249	TuYV	TuYV	Edge	L2F	L2	Solanum_nigrum
89	265	ZYMV	ZYMV	Edge	L2F	L2	Solanum_nigrum
2	147	CLLV	CLLV	Edge	L3F	L3	Amaranthus_sp
2	199	PMoV	PMoV3	Edge	L3F	L3	Amaranthus_sp
2	211	RheMV	RheMV	Edge	L3F	L3	Amaranthus_sp
2	231	TAV	TAV1	Edge	L3F	L3	Amaranthus_sp
22	131	BrYV	BrYV_ABJ	Edge	L3F	L3	Carduus_bourgeanus
22	151	CMV	CMV1	Edge	L3F	L3	Carduus_bourgeanus
22	199	PMoV	PMoV3	Edge	L3F	L3	Carduus_bourgeanus
22	231	TAV	TAV2	Edge	L3F	L3	Carduus_bourgeanus
22	249	TuYV	TuYV	Edge	L3F	L3	Carduus_bourgeanus
22	257	WMoV	WMoV	Edge	L3F	L3	Carduus_bourgeanus
22	258	WMV	WMV	Edge	L3F	L3	Carduus_bourgeanus
27	236	TMGMV	TMGMV	Edge	L3F	L3	Convolvulus_arvensis
28	231	TAV	TAV1	Edge	L3F	L3	Conyza_bonariensis
28	237	TMV	TMV	Edge	L3F	L3	Conyza_bonariensis
28	243	ToMV	ToMV	Edge	L3F	L3	Conyza_bonariensis
32	127	BMV	BMV3	Edge	L3F	L3	Cynodon_dactylon
32	133	BWYV	BWYV	Edge	L3F	L3	Cynodon_dactylon
32	151	CMV	CMV1	Edge	L3F	L3	Cynodon_dactylon
32	181	MDMV	MDMV	Edge	L3F	L3	Cynodon_dactylon
32	231	TAV	TAV2	Edge	L3F	L3	Cynodon_dactylon
32	245	TSAMV	TSAMV	Edge	L3F	L3	Cynodon_dactylon
35	120	BChV	BChV	Edge	L3F	L3	Datura_stramonium
35	128	BMYV	BMYV	Edge	L3F	L3	Datura_stramonium
35	131	BrYV	BrYV_ABJ	Edge	L3F	L3	Datura_stramonium
35	133	BWYV	BWYV	Edge	L3F	L3	Datura_stramonium
35	151	CMV	CMV2	Edge	L3F	L3	Datura_stramonium
35	181	MDMV	MDMV	Edge	L3F	L3	Datura_stramonium
35	199	PMoV	PMoV3	Edge	L3F	L3	Datura_stramonium
35	236	TMGMV	TMGMV	Edge	L3F	L3	Datura_stramonium
35	249	TuYV	TuYV	Edge	L3F	L3	Datura_stramonium
36	120	BChV	BChV	Edge	L3F	L3	Daucus_sp
36	151	CMV	CMV3	Edge	L3F	L3	Daucus_sp
36	198	PMMoV	PMMoV	Edge	L3F	L3	Daucus_sp
36	258	WMV	WMV	Edge	L3F	L3	Daucus_sp
40	142	CABYV	CABYV	Edge	L3F	L3	Diplotaxis_erucoides
40	258	WMV	WMV	Edge	L3F	L3	Diplotaxis_erucoides
40	263	YoMV	YoMV	Edge	L3F	L3	Diplotaxis_erucoides
46	168	GMMV	GMMV1	Edge	L3F	L3	Eruca_vesicaria
46	199	PMoV	PMoV1	Edge	L3F	L3	Eruca_vesicaria
46	237	TMV	TMV	Edge	L3F	L3	Eruca_vesicaria
58	142	CABYV	CABYV	Edge	L3F	L3	Lactuca_serriola
58	151	CMV	CMV1	Edge	L3F	L3	Lactuca_serriola
58	151	CMV	CMV2	Edge	L3F	L3	Lactuca_serriola
58	199	PMoV	PMoV2	Edge	L3F	L3	Lactuca_serriola
58	227	SNSV	SNSV2	Edge	L3F	L3	Lactuca_serriola
58	249	TuYV	TuYV	Edge	L3F	L3	Lactuca_serriola
64	151	CMV	CMV1	Edge	L1F	L1	Malva_sylvestris
64	151	CMV	CMV2	Edge	L1F	L1	Malva_sylvestris
64	198	PMMoV	PMMoV	Edge	L1F	L1	Malva_sylvestris
64	199	PMoV	PMoV3	Edge	L1F	L1	Malva_sylvestris
64	237	TMV	TMV	Edge	L1F	L1	Malva_sylvestris
87	120	BChV	BChV	Edge	L3F	L3	Silybum_marianum
87	128	BMYV	BMYV	Edge	L3F	L3	Silybum_marianum
87	133	BWYV	BWYV	Edge	L3F	L3	Silybum_marianum
87	151	CMV	CMV1	Edge	L3F	L3	Silybum_marianum
105	118	BaVG	BaVG	Edge	L3F	L3	Vicia_sp
105	128	BMYV	BMYV	Edge	L3F	L3	Vicia_sp
105	133	BWYV	BWYV	Edge	L3F	L3	Vicia_sp
105	181	MDMV	MDMV	Edge	L3F	L3	Vicia_sp
105	184	MYDV2	MYDV2	Edge	L3F	L3	Vicia_sp
105	188	PABYV	PABYV	Edge	L3F	L3	Vicia_sp
105	199	PMoV	PMoV2	Edge	L3F	L3	Vicia_sp
105	199	PMoV	PMoV3	Edge	L3F	L3	Vicia_sp
26	133	BWYV	BWYV	Edge	L4F	L4	Cirsium_arvense
26	249	TuYV	TuYV	Edge	L4F	L4	Cirsium_arvense
27	151	CMV	CMV3	Edge	L4F	L4	Convolvulus_arvensis
27	181	MDMV	MDMV	Edge	L4F	L4	Convolvulus_arvensis
27	199	PMoV	PMoV2	Edge	L4F	L4	Convolvulus_arvensis
27	209	PZSV	PZSV1	Edge	L4F	L4	Convolvulus_arvensis
36	237	TMV	TMV	Edge	L4F	L4	Daucus_sp
37	151	CMV	CMV1	Edge	L4F	L4	Desconocida_4
37	151	CMV	CMV2	Edge	L4F	L4	Desconocida_4
37	181	MDMV	MDMV	Edge	L4F	L4	Desconocida_4
37	199	PMoV	PMoV3	Edge	L4F	L4	Desconocida_4
37	209	PZSV	PZSV1	Edge	L4F	L4	Desconocida_4
40	151	CMV	CMV3	Edge	L4F	L4	Diplotaxis_erucoides
44	120	BChV	BChV	Edge	L4F	L4	Echium_vulgare
44	128	BMYV	BMYV	Edge	L4F	L4	Echium_vulgare
44	133	BWYV	BWYV	Edge	L4F	L4	Echium_vulgare
44	151	CMV	CMV2	Edge	L4F	L4	Echium_vulgare
44	151	CMV	CMV3	Edge	L4F	L4	Echium_vulgare
44	181	MDMV	MDMV	Edge	L4F	L4	Echium_vulgare
44	249	TuYV	TuYV	Edge	L4F	L4	Echium_vulgare
62	151	CMV	CMV1	Edge	L4F	L4	Lolium_perenne
62	168	GMMV	GMMV1	Edge	L4F	L4	Lolium_perenne
62	198	PMMoV	PMMoV	Edge	L4F	L4	Lolium_perenne
62	199	PMoV	PMoV1	Edge	L4F	L4	Lolium_perenne
62	209	PZSV	PZSV1	Edge	L4F	L4	Lolium_perenne
62	230	SrMV	SrMV	Edge	L4F	L4	Lolium_perenne
72	115	AMoV	AMoV	Edge	L4F	L4	Phalaris_minor
83	120	BChV	BChV	Edge	L4F	L4	Rumex_pulcher
83	181	MDMV	MDMV	Edge	L4F	L4	Rumex_pulcher
83	199	PMoV	PMoV1	Edge	L4F	L4	Rumex_pulcher
83	249	TuYV	TuYV	Edge	L4F	L4	Rumex_pulcher
87	133	BWYV	BWYV	Edge	L4F	L4	Silybum_marianum
87	151	CMV	CMV1	Edge	L4F	L4	Silybum_marianum
87	199	PMoV	PMoV2	Edge	L4F	L4	Silybum_marianum
102	181	MDMV	MDMV	Edge	L4F	L4	Trifolium_campestre
102	199	PMoV	PMoV2	Edge	L4F	L4	Trifolium_campestre
102	199	PMoV	PMoV3	Edge	L4F	L4	Trifolium_campestre
45	151	CMV	CMV1	Edge	L4F	L4	Erodium_cicutarium
45	249	TuYV	TuYV	Edge	L4F	L4	Erodium_cicutarium
82	236	TMGMV	TMGMV	Wasteland	E2F	E2	Rubia_peregrina
38	116	AMV	AMV1	Wasteland	E3F	E3	Desconocida_5
38	209	PZSV	PZSV1	Wasteland	E3F	E3	Desconocida_5
50	116	AMV	AMV1	Wasteland	E3F	E3	Galium_verum
50	257	WMoV	WMoV	Wasteland	E3F	E3	Galium_verum
50	263	YoMV	YoMV	Wasteland	E3F	E3	Galium_verum
96	131	BrYV	BrYV_ABJ	Wasteland	E3F	E3	Teucrium_chamaedrys
96	236	TMGMV	TMGMV	Wasteland	E3F	E3	Teucrium_chamaedrys
10	144	CCFV	CCFV	Wasteland	E4F	E4	Asparagus_acutifolius
10	151	CMV	CMV3	Wasteland	E4F	E4	Asparagus_acutifolius
10	237	TMV	TMV	Wasteland	E4F	E4	Asparagus_acutifolius
10	263	YoMV	YoMV	Wasteland	E4F	E4	Asparagus_acutifolius
3	209	PZSV	PZSV3	Wasteland	E1P	E1	Anacyclus_clavatus
3	236	TMGMV	TMGMV	Wasteland	E1P	E1	Anacyclus_clavatus
3	263	YoMV	YoMV	Wasteland	E1P	E1	Anacyclus_clavatus
12	204	PPV	PPV	Wasteland	E2P	E2	Asteriscus_aquaticus
23	236	TMGMV	TMGMV	Wasteland	E2P	E2	Centaurea_melitensis
24	247	TuMV	TuMV	Wasteland	E2P	E2	Centranthus_calcitrapae
73	244	TRoV	TRoV	Wasteland	E2P	E2	Phlomis_lychnitis
47	237	TMV	TMV	Wasteland	E3P	E3	Eryngium_campestre
54	217	RuCMV	RuCMV	Wasteland	E3P	E3	Hordeum_matritense
54	236	TMGMV	TMGMV	Wasteland	E3P	E3	Hordeum_matritense
54	243	ToMV	ToMV	Wasteland	E3P	E3	Hordeum_matritense
54	247	TuMV	TuMV	Wasteland	E3P	E3	Hordeum_matritense
54	252	TYMV	TYMV	Wasteland	E3P	E3	Hordeum_matritense
54	258	WMV	WMV	Wasteland	E3P	E3	Hordeum_matritense
67	236	TMGMV	TMGMV	Wasteland	E3P	E3	Medicago_sp
97	151	CMV	CMV3	Wasteland	E3P	E3	Teucrium_pseudochamaepitys
34	112	ALaV	ALaV1	Wasteland	E4P	E4	Dactylis_glomerata
34	236	TMGMV	TMGMV	Wasteland	E4P	E4	Dactylis_glomerata
71	151	CMV	CMV3	Wasteland	E4P	E4	Papaver_rhoeas
71	237	TMV	TMV	Wasteland	E4P	E4	Papaver_rhoeas
98	127	BMV	BMV1	Wasteland	E4P	E4	Thapsia_villosa
98	209	PZSV	PZSV3	Wasteland	E4P	E4	Thapsia_villosa
8	209	PZSV	PZSV2	Oak	Q1P	Q1	Aristolochia_pistolochia
8	211	RheMV	RheMV	Oak	Q1P	Q1	Aristolochia_pistolochia
8	242	ToMMV	ToMMV	Oak	Q1P	Q1	Aristolochia_pistolochia
12	263	YoMV	YoMV	Oak	Q1P	Q1	Asteriscus_aquaticus
21	112	ALaV	ALaV1	Oak	Q1P	Q1	Bromus_sp
21	151	CMV	CMV1	Oak	Q1P	Q1	Bromus_sp
21	151	CMV	CMV3	Oak	Q1P	Q1	Bromus_sp
45	151	CMV	CMV3	Oak	Q1P	Q1	Erodium_cicutarium
54	209	PZSV	PZSV3	Oak	Q1P	Q1	Hordeum_matritense
71	112	ALaV	ALaV1	Oak	Q1P	Q1	Papaver_rhoeas
71	217	RuCMV	RuCMV	Oak	Q1P	Q1	Papaver_rhoeas
71	236	TMGMV	TMGMV	Oak	Q1P	Q1	Papaver_rhoeas
71	263	YoMV	YoMV	Oak	Q1P	Q1	Papaver_rhoeas
51	237	TMV	TMV	Oak	Q2P	Q2	Geranium_sp
98	237	TMV	TMV	Oak	Q2P	Q2	Thapsia_villosa
59	189	PaMMV	PaMMV	Oak	Q2P	Q2	Leontodon_sp
59	231	TAV	TAV1	Oak	Q2P	Q2	Leontodon_sp
82	217	RuCMV	RuCMV	Oak	Q3P	Q3	Rubia_peregrina
47	128	BMYV	BMYV	Oak	Q4P	Q4	Eryngium_campestre
47	133	BWYV	BWYV	Oak	Q4P	Q4	Eryngium_campestre
47	236	TMGMV	TMGMV	Oak	Q4P	Q4	Eryngium_campestre
47	249	TuYV	TuYV	Oak	Q4P	Q4	Eryngium_campestre
55	217	RuCMV	RuCMV	Crop	H2P	H2	Hordeum_vulgare
3	151	CMV	CMV1	Crop	H2P	H2	Anacyclus_clavatus
27	138	BYDV_PAS	BYDV_PAS	Crop	H2P	H2	Convolvulus_arvensis
27	139	BYDV_PAV	BYDV_PAV	Crop	H2P	H2	Convolvulus_arvensis
27	209	PZSV	PZSV3	Crop	H2P	H2	Convolvulus_arvensis
27	236	TMGMV	TMGMV	Crop	H2P	H2	Convolvulus_arvensis
82	169	GRAV	GRAV	Crop	H3P	H3	Rubia_peregrina
82	180	MABYV	MABYV	Crop	H3P	H3	Rubia_peregrina
82	183	MYDV	MYDV	Crop	H3P	H3	Rubia_peregrina
82	218	SABYV	SABYV	Crop	H3P	H3	Rubia_peregrina
82	236	TMGMV	TMGMV	Crop	H3P	H3	Rubia_peregrina
21	137	BYDV_MAV	BYDV_MAV	Crop	H3P	H3	Bromus_sp
21	139	BYDV_PAV	BYDV_PAV	Crop	H3P	H3	Bromus_sp
21	209	PZSV	PZSV2	Crop	H3P	H3	Bromus_sp
21	258	WMV	WMV	Crop	H3P	H3	Bromus_sp
55	188	PABYV	PABYV	Crop	H3P	H3	Hordeum_vulgare
55	226	ScYLV	ScYLV	Crop	H3P	H3	Hordeum_vulgare
55	236	TMGMV	TMGMV	Crop	H3P	H3	Hordeum_vulgare
55	237	TMV	TMV	Crop	H3P	H3	Hordeum_vulgare
55	120	BChV	BChV	Crop	H3P	H3	Hordeum_vulgare
55	131	BrYV	BrYV_ABJ	Crop	H3P	H3	Hordeum_vulgare
55	199	PMoV	PMoV1	Crop	H3P	H3	Hordeum_vulgare
55	236	TMGMV	TMGMV	Crop	H3P	H3	Hordeum_vulgare
55	249	TuYV	TuYV	Crop	H3P	H3	Hordeum_vulgare
40	151	CMV	CMV3	Crop	M3V	M3	Diplotaxis_erucoides
40	247	TuMV	TuMV	Crop	M3V	M3	Diplotaxis_erucoides
37	151	CMV	CMV1	Crop	M4V	M4	Desconocida_4
37	151	CMV	CMV2	Crop	M4V	M4	Desconocida_4
40	151	CMV	CMV2	Crop	Z1V	Z1	Diplotaxis_erucoides
40	198	PMMoV	PMMoV	Crop	Z1V	Z1	Diplotaxis_erucoides
40	243	ToMV	ToMV	Crop	Z1V	Z1	Diplotaxis_erucoides
72	151	CMV	CMV3	Crop	Z1V	Z1	Phalaris_minor
27	138	BYDV_PAS	BYDV_PAS	Crop	Z2V	Z2	Convolvulus_arvensis
27	139	BYDV_PAV	BYDV_PAV	Crop	Z2V	Z2	Convolvulus_arvensis
27	151	CMV	CMV2	Crop	Z2V	Z2	Convolvulus_arvensis
27	198	PMMoV	PMMoV	Crop	Z2V	Z2	Convolvulus_arvensis
74	134	BYDV_GAV	BYDV_GAV	Crop	Z2V	Z2	Picris_echioides
74	139	BYDV_PAV	BYDV_PAV	Crop	Z2V	Z2	Picris_echioides
74	151	CMV	CMV1	Crop	Z2V	Z2	Picris_echioides
74	237	TMV	TMV	Crop	Z2V	Z2	Picris_echioides
40	134	BYDV_GAV	BYDV_GAV	Crop	C1F	C1	Diplotaxis_erucoides
40	138	BYDV_PAS	BYDV_PAS	Crop	C1F	C1	Diplotaxis_erucoides
40	139	BYDV_PAV	BYDV_PAV	Crop	C1F	C1	Diplotaxis_erucoides
40	151	CMV	CMV3	Crop	C1F	C1	Diplotaxis_erucoides
40	217	RuCMV	RuCMV	Crop	C1F	C1	Diplotaxis_erucoides
20	118	BaVG	BaVG	Crop	C1F	C1	Brassica_oleracea
20	134	BYDV_GAV	BYDV_GAV	Crop	C1F	C1	Brassica_oleracea
20	137	BYDV_MAV	BYDV_MAV	Crop	C1F	C1	Brassica_oleracea
20	139	BYDV_PAV	BYDV_PAV	Crop	C1F	C1	Brassica_oleracea
20	154	CP1	CP1	Crop	C1F	C1	Brassica_oleracea
20	180	MABYV	MABYV	Crop	C1F	C1	Brassica_oleracea
20	218	SABYV	SABYV	Crop	C1F	C1	Brassica_oleracea
20	237	TMV	TMV	Crop	C1F	C1	Brassica_oleracea
74	139	BYDV_PAV	BYDV_PAV	Crop	C1F	C1	Picris_echioides
88	120	BChV	BChV	Crop	C1F	C1	Sisymbrium_runcinatum
88	133	BWYV	BWYV	Crop	C1F	C1	Sisymbrium_runcinatum
40	236	TMGMV	TMGMV	Crop	C2F	C2	Diplotaxis_erucoides
40	237	TMV	TMV	Crop	C2F	C2	Diplotaxis_erucoides
83	128	BMYV	BMYV	Crop	C2F	C2	Rumex_pulcher
83	133	BWYV	BWYV	Crop	C2F	C2	Rumex_pulcher
83	138	BYDV_PAS	BYDV_PAS	Crop	C2F	C2	Rumex_pulcher
83	139	BYDV_PAV	BYDV_PAV	Crop	C2F	C2	Rumex_pulcher
83	217	RuCMV	RuCMV	Crop	C2F	C2	Rumex_pulcher
20	155	CpCSV	CpCSV	Crop	C2F	C2	Brassica_oleracea
20	180	MABYV	MABYV	Crop	C2F	C2	Brassica_oleracea
73	151	CMV	CMV2	Oak	Q2P	Q2	Phlomis_lychnitis
92	151	CMV	CMV2	Oak	Q1P	Q1	Stipa_parviflora
92	209	PZSV	PZSV3	Oak	Q1P	Q1	Stipa_parviflora
92	263	YoMV	YoMV	Oak	Q1P	Q1	Stipa_parviflora
96	151	CMV	CMV1	Oak	Q2P	Q2	Teucrium_chamaedrys
96	258	WMV	WMV	Oak	Q2P	Q2	Teucrium_chamaedrys
30	151	CMV	CMV3	Oak	Q3F_Q3P_Q4P	Q3_4	Crataegus_monogyna
103	138	BYDV_PAS	BYDV_PAS	Wasteland	E2P	E2	Trifolium_tomentosum
103	139	BYDV_PAV	BYDV_PAV	Wasteland	E2P	E2	Trifolium_tomentosum
49	118	BaVG	BaVG	Crop	H1P	H1	Fumaria_parviflora
49	139	BYDV_PAV	BYDV_PAV	Crop	H1P	H1	Fumaria_parviflora
53	128	BMYV	BMYV	Crop	H1P	H1	Hirschfeldia_incana
53	247	TuMV	TuMV	Crop	H1P	H1	Hirschfeldia_incana
55	237	TMV	TMV	Crop	H1P	H1	Hordeum_vulgare
22	114	AMMV	AMMV	Crop	Z1V	Z1	Carduus_bourgeanus
22	177	LLDAV	LLDAV	Crop	Z1V	Z1	Carduus_bourgeanus
22	221	SbMMoV	SbMMoV	Edge	L4P	L4	Carduus_bourgeanus
22	177	LLDAV	LLDAV	Edge	L3F	L3	Carduus_bourgeanus
58	250	TVCV	TVCV	Edge	L3F	L3	Lactuca_serriola
26	221	SbMMoV	SbMMoV	Edge	L4F	L4	Cirsium_arvense
40	143	CaMV	CaMV	Edge	L4F	L4	Diplotaxis_erucoides
2	150	CmEV	CmEV	Crop	M1V	M1	Amaranthus_sp
106	192	PCV2	PCV2	Crop	Z1V	Z1	Xanthium_strumarium
101	130	BPEV	BPEV	Wasteland	E4P	E4	Tragopogon_sp
40	253	VCV	VCV_1	Wasteland	E1F	E1	Diplotaxis_erucoides
40	253	VCV	VCV_2	Wasteland	E1F	E1	Diplotaxis_erucoides
52	150	CmEV	CmEV	Oak	Q2P	Q2	Helichrysum_stoechas
52	210	RCCV	RCCV_1	Oak	Q2P	Q2	Helichrysum_stoechas
91	150	CmEV	CmEV	Oak	Q2P	Q2	Staehelina_dubia
74	150	CmEV	CmEV	Edge	L2V	L2	Picris_echioides
87	171	HvEV	HvEV	Edge	L2V	L2	Silybum_marianum
28	150	CmEV	CmEV	Edge	L3F	L3	Conyza_bonariensis
40	150	CmEV	CmEV	Edge	L3F	L3	Diplotaxis_erucoides
105	150	CmEV	CmEV	Edge	L3F	L3	Vicia_sp
71	214	RsCV1	RsCV1_2	Oak	Q1P	Q1	Papaver_rhoeas
59	210	RCCV	RCCV_1	Oak	Q2P	Q2	Leontodon_sp
3	171	HvEV	HvEV	Crop	H2P	H2	Anacyclus_clavatus
38	164	FClCV	FClCV_1	Crop	H3P	H3	Desconocida_5
25	123	BCTIV	BCTIV	Edge	L1V	L1	Chenopodium_album
22	195	PeYDV	PeYDV	Edge	L2V	L2	Carduus_bourgeanus
25	123	BCTIV	BCTIV	Edge	L2V	L2	Chenopodium_album
29	123	BCTIV	BCTIV	Edge	L2V	L2	Conyza_canadensis
16	123	BCTIV	BCTIV	Edge	L3V	L3	Bassia_scoparia
27	123	BCTIV	BCTIV	Edge	L3V	L3	Convolvulus_arvensis
1	132	BSCTV	BSCTV	Edge	L2P	L2	Allium_sativum
55	255	WDV	WDV	Crop	H1P	H1	Hordeum_vulgare
